CREATE TABLE aircrafts
(
    aircraft_code CHAR(3)     NOT NULL,
    model         VARCHAR(30) NOT NULL,
    `range`       INTEGER     NOT NULL,
    PRIMARY KEY (aircraft_code)
);

CREATE TABLE airports
(
    airport_code CHAR(3)     NOT NULL,
    airport_name VARCHAR(50) NOT NULL,
    city         VARCHAR(30) NOT NULL,
    coordinates  POINT       NOT NULL,
    timezone     TEXT        NOT NULL,
    PRIMARY KEY (airport_code)
);

CREATE TABLE boarding_passes
(
    ticket_no   CHAR(13)   NOT NULL,
    flight_id   INTEGER    NOT NULL,
    boarding_no INTEGER    NOT NULL,
    seat_no     VARCHAR(4) NOT NULL,
    PRIMARY KEY (ticket_no, flight_id),
    INDEX (flight_id, ticket_no)
);

CREATE TABLE bookings
(
    book_ref     CHAR(6)        NOT NULL,
    book_date    TIMESTAMP      NOT NULL,
    total_amount NUMERIC(10, 2) NOT NULL,
    PRIMARY KEY (book_ref)
);

CREATE TABLE flights
(
    flight_id           INTEGER     NOT NULL,
    flight_no           CHAR(6)     NOT NULL,
    scheduled_departure TIMESTAMP   NOT NULL,
    scheduled_arrival   TIMESTAMP   NOT NULL,
    departure_airport   CHAR(3)     NOT NULL,
    arrival_airport     CHAR(3)     NOT NULL,
    status              VARCHAR(20) NOT NULL,
    aircraft_code       CHAR(3)     NOT NULL,
    actual_departure    TIMESTAMP NULL DEFAULT NULL,
    actual_arrival      TIMESTAMP NULL DEFAULT NULL,
    PRIMARY KEY (flight_id),
    INDEX (departure_airport),
    INDEX (arrival_airport),
    INDEX (aircraft_code)
);

CREATE TABLE seats
(
    aircraft_code   CHAR(3)     NOT NULL,
    seat_no         VARCHAR(4)  NOT NULL,
    fare_conditions VARCHAR(10) NOT NULL,
    PRIMARY KEY (aircraft_code, seat_no),
    INDEX (aircraft_code)
);

CREATE TABLE ticket_flights
(
    ticket_no       CHAR(13)       NOT NULL,
    flight_id       INTEGER        NOT NULL,
    fare_conditions VARCHAR(10)    NOT NULL,
    amount          NUMERIC(10, 2) NOT NULL,
    PRIMARY KEY (ticket_no, flight_id),
    INDEX (flight_id),
    INDEX (ticket_no)
);

CREATE TABLE tickets
(
    ticket_no      CHAR(13)    NOT NULL,
    book_ref       CHAR(6)     NOT NULL,
    passenger_id   VARCHAR(20) NOT NULL,
    passenger_name TEXT        NOT NULL,
    phone          VARCHAR(20) NULL,
    PRIMARY KEY (ticket_no),
    INDEX (book_ref)
);


ALTER TABLE tickets
    ADD FOREIGN KEY (book_ref) REFERENCES bookings (book_ref) ON DELETE CASCADE;

ALTER TABLE boarding_passes
    ADD FOREIGN KEY (flight_id, ticket_no) REFERENCES ticket_flights (flight_id, ticket_no) ON DELETE CASCADE;

ALTER TABLE seats
    ADD FOREIGN KEY (aircraft_code) REFERENCES aircrafts (aircraft_code) ON DELETE CASCADE;

ALTER TABLE flights
    ADD FOREIGN KEY (departure_airport) REFERENCES airports (airport_code) ON DELETE CASCADE;

ALTER TABLE flights
    ADD FOREIGN KEY (arrival_airport) REFERENCES airports (airport_code) ON DELETE CASCADE;

ALTER TABLE flights
    ADD FOREIGN KEY (aircraft_code) REFERENCES aircrafts (aircraft_code) ON DELETE CASCADE;

ALTER TABLE ticket_flights
    ADD FOREIGN KEY (flight_id) REFERENCES flights (flight_id) ON DELETE CASCADE;

ALTER TABLE ticket_flights
    ADD FOREIGN KEY (ticket_no) REFERENCES tickets (ticket_no) ON DELETE CASCADE;INSERT INTO bookings VALUES ('00000F', '2017-07-05 03:12:00', '265700.00');
INSERT INTO bookings VALUES ('000012', '2017-07-14 09:02:00', '37900.00');
INSERT INTO bookings VALUES ('000068', '2017-08-15 14:27:00', '18100.00');
INSERT INTO bookings VALUES ('000181', '2017-08-10 13:28:00', '131800.00');
INSERT INTO bookings VALUES ('0002D8', '2017-08-07 21:40:00', '23600.00');
INSERT INTO bookings VALUES ('0002DB', '2017-07-29 06:30:00', '101500.00');
INSERT INTO bookings VALUES ('0002E0', '2017-07-11 16:09:00', '89600.00');
INSERT INTO bookings VALUES ('0002F3', '2017-07-10 05:31:00', '69600.00');
INSERT INTO bookings VALUES ('00034E', '2017-08-04 16:52:00', '73300.00');
INSERT INTO bookings VALUES ('000352', '2017-07-06 02:02:00', '109500.00');
INSERT INTO bookings VALUES ('000374', '2017-08-12 10:13:00', '136200.00');
INSERT INTO bookings VALUES ('00044D', '2017-07-30 00:24:00', '6000.00');
INSERT INTO bookings VALUES ('00044E', '2017-07-17 05:39:00', '140100.00');
INSERT INTO bookings VALUES ('0004B0', '2017-07-28 09:00:00', '12000.00');
INSERT INTO bookings VALUES ('0004E1', '2017-07-31 17:34:00', '139300.00');
INSERT INTO bookings VALUES ('000511', '2017-07-01 03:40:00', '26700.00');
INSERT INTO bookings VALUES ('00053F', '2017-08-06 03:15:00', '6000.00');
INSERT INTO bookings VALUES ('00054E', '2017-07-15 10:54:00', '50700.00');
INSERT INTO bookings VALUES ('0005E7', '2017-07-03 09:25:00', '28800.00');
INSERT INTO bookings VALUES ('0005F4', '2017-08-09 02:14:00', '95400.00');
INSERT INTO bookings VALUES ('0005FF', '2017-07-18 03:27:00', '56300.00');
INSERT INTO bookings VALUES ('00067B', '2017-07-12 02:35:00', '296700.00');
INSERT INTO bookings VALUES ('0006C3', '2017-08-02 11:42:00', '59400.00');
INSERT INTO bookings VALUES ('0006F5', '2017-08-04 22:10:00', '80200.00');
INSERT INTO bookings VALUES ('000735', '2017-07-08 12:19:00', '51900.00');
INSERT INTO bookings VALUES ('000769', '2017-07-08 18:05:00', '32800.00');
INSERT INTO bookings VALUES ('000784', '2017-07-27 21:51:00', '28800.00');
INSERT INTO bookings VALUES ('0007A9', '2017-07-14 08:17:00', '43200.00');
INSERT INTO bookings VALUES ('0007ED', '2017-07-10 19:18:00', '137700.00');
INSERT INTO bookings VALUES ('0007FC', '2017-07-04 12:09:00', '75600.00');
INSERT INTO bookings VALUES ('000836', '2017-08-12 23:28:00', '23400.00');
INSERT INTO bookings VALUES ('000842', '2017-07-09 22:55:00', '81700.00');
INSERT INTO bookings VALUES ('000859', '2017-07-05 06:12:00', '234800.00');
INSERT INTO bookings VALUES ('000862', '2017-08-07 14:23:00', '45500.00');
INSERT INTO bookings VALUES ('0008DF', '2017-07-25 12:33:00', '92400.00');
INSERT INTO bookings VALUES ('0008F4', '2017-08-01 00:33:00', '28000.00');
INSERT INTO bookings VALUES ('0008FD', '2017-07-04 15:58:00', '24400.00');
INSERT INTO bookings VALUES ('000909', '2017-08-01 04:30:00', '99700.00');
INSERT INTO bookings VALUES ('000917', '2017-07-27 00:01:00', '28000.00');
INSERT INTO bookings VALUES ('00094B', '2017-08-15 03:38:00', '67000.00');
INSERT INTO bookings VALUES ('00098F', '2017-07-23 02:05:00', '38600.00');
INSERT INTO bookings VALUES ('000999', '2017-07-23 05:37:00', '31100.00');
INSERT INTO bookings VALUES ('0009D5', '2017-07-16 06:16:00', '88900.00');
INSERT INTO bookings VALUES ('0009ED', '2017-07-08 14:25:00', '14000.00');
INSERT INTO bookings VALUES ('000A1E', '2017-07-19 10:25:00', '80000.00');
INSERT INTO bookings VALUES ('000A39', '2017-07-01 03:29:00', '23400.00');
INSERT INTO bookings VALUES ('000AA7', '2017-07-13 22:15:00', '59000.00');
INSERT INTO bookings VALUES ('000AB3', '2017-08-12 06:16:00', '35400.00');
INSERT INTO bookings VALUES ('000ADA', '2017-07-19 12:06:00', '124200.00');
INSERT INTO bookings VALUES ('000B77', '2017-07-01 02:39:00', '68800.00');
INSERT INTO bookings VALUES ('000B91', '2017-07-30 13:41:00', '24400.00');
INSERT INTO bookings VALUES ('000B97', '2017-07-20 20:32:00', '101200.00');
INSERT INTO bookings VALUES ('000BB3', '2017-07-07 12:07:00', '92800.00');
INSERT INTO bookings VALUES ('000BD8', '2017-08-04 19:12:00', '51200.00');
INSERT INTO bookings VALUES ('000BFF', '2017-08-08 23:05:00', '136800.00');
INSERT INTO bookings VALUES ('000C28', '2017-07-20 09:04:00', '28800.00');
INSERT INTO bookings VALUES ('000C2B', '2017-07-28 04:52:00', '28000.00');
INSERT INTO bookings VALUES ('000D3C', '2017-07-02 18:23:00', '173500.00');
INSERT INTO bookings VALUES ('000DBE', '2017-07-07 10:20:00', '149200.00');
INSERT INTO bookings VALUES ('000DC5', '2017-07-24 17:41:00', '75800.00');
INSERT INTO bookings VALUES ('000E07', '2017-07-19 05:19:00', '53200.00');
INSERT INTO bookings VALUES ('000E3A', '2017-07-15 20:45:00', '67600.00');
INSERT INTO bookings VALUES ('000EA2', '2017-08-14 17:35:00', '54800.00');
INSERT INTO bookings VALUES ('000EFA', '2017-08-12 22:01:00', '23600.00');
INSERT INTO bookings VALUES ('000F07', '2017-08-01 06:15:00', '40300.00');
INSERT INTO bookings VALUES ('000F74', '2017-07-11 22:20:00', '66600.00');
INSERT INTO bookings VALUES ('000F7D', '2017-08-02 09:18:00', '20600.00');
INSERT INTO bookings VALUES ('000FAC', '2017-07-09 18:30:00', '168600.00');
INSERT INTO bookings VALUES ('000FD6', '2017-07-29 01:48:00', '28700.00');
INSERT INTO bookings VALUES ('00101D', '2017-08-11 21:38:00', '112400.00');
INSERT INTO bookings VALUES ('00107C', '2017-08-10 23:15:00', '56000.00');
INSERT INTO bookings VALUES ('001089', '2017-08-10 18:47:00', '46300.00');
INSERT INTO bookings VALUES ('00111B', '2017-07-09 14:30:00', '29600.00');
INSERT INTO bookings VALUES ('00114E', '2017-08-01 12:17:00', '6700.00');
INSERT INTO bookings VALUES ('001164', '2017-08-15 13:56:00', '72400.00');
INSERT INTO bookings VALUES ('001184', '2017-07-27 15:00:00', '38400.00');
INSERT INTO bookings VALUES ('001191', '2017-07-16 22:54:00', '66600.00');
INSERT INTO bookings VALUES ('0011A9', '2017-07-31 02:22:00', '135400.00');
INSERT INTO bookings VALUES ('001233', '2017-08-11 23:09:00', '47000.00');
INSERT INTO bookings VALUES ('001269', '2017-07-06 02:07:00', '30000.00');
INSERT INTO airports VALUES ('YKS', 'Yakutsk Airport', 'Yakutsk', ST_GeomFromText('POINT(129.77099609375 62.0932998657227)'), 'Asia/Yakutsk');
INSERT INTO airports VALUES ('MJZ', 'Mirny Airport', 'Mirnyj', ST_GeomFromText('POINT(114.039001464844 62.5346984863281)'), 'Asia/Yakutsk');
INSERT INTO airports VALUES ('KHV', 'Khabarovsk-Novy Airport', 'Khabarovsk', ST_GeomFromText('POINT(135.18800354004 48.52799987793)'), 'Asia/Vladivostok');
INSERT INTO airports VALUES ('PKC', 'Yelizovo Airport', 'Petropavlovsk', ST_GeomFromText('POINT(158.453994750977 53.1679000854492)'), 'Asia/Kamchatka');
INSERT INTO airports VALUES ('UUS', 'Yuzhno-Sakhalinsk Airport', 'Yuzhno-Sakhalinsk', ST_GeomFromText('POINT(142.718002319336 46.8886985778809)'), 'Asia/Sakhalin');
INSERT INTO airports VALUES ('VVO', 'Vladivostok International Airport', 'Vladivostok', ST_GeomFromText('POINT(132.147994995117 43.398998260498)'), 'Asia/Vladivostok');
INSERT INTO airports VALUES ('LED', 'Pulkovo Airport', 'St. Petersburg', ST_GeomFromText('POINT(30.2625007629395 59.8003005981445)'), 'Europe/Moscow');
INSERT INTO airports VALUES ('KGD', 'Khrabrovo Airport', 'Kaliningrad', ST_GeomFromText('POINT(20.5925998687744 54.8899993896484)'), 'Europe/Kaliningrad');
INSERT INTO airports VALUES ('KEJ', 'Kemerovo Airport', 'Kemorovo', ST_GeomFromText('POINT(86.1072006225586 55.2700996398926)'), 'Asia/Novokuznetsk');
INSERT INTO airports VALUES ('CEK', 'Chelyabinsk Balandino Airport', 'Chelyabinsk', ST_GeomFromText('POINT(61.5033 55.305801)'), 'Asia/Yekaterinburg');
INSERT INTO airports VALUES ('MQF', 'Magnitogorsk International Airport', 'Magnetiogorsk', ST_GeomFromText('POINT(58.7556991577148 53.3931007385254)'), 'Asia/Yekaterinburg');
INSERT INTO airports VALUES ('PEE', 'Bolshoye Savino Airport', 'Perm', ST_GeomFromText('POINT(56.021198272705 57.914501190186)'), 'Asia/Yekaterinburg');
INSERT INTO airports VALUES ('SGC', 'Surgut Airport', 'Surgut', ST_GeomFromText('POINT(73.4018020629883 61.3437004089355)'), 'Asia/Yekaterinburg');
INSERT INTO airports VALUES ('BZK', 'Bryansk Airport', 'Bryansk', ST_GeomFromText('POINT(34.176399231 53.2141990662)'), 'Europe/Moscow');
INSERT INTO airports VALUES ('MRV', 'Mineralnyye Vody Airport', 'Mineralnye Vody', ST_GeomFromText('POINT(43.081901550293 44.2251014709473)'), 'Europe/Moscow');
INSERT INTO airports VALUES ('STW', 'Stavropol Shpakovskoye Airport', 'Stavropol', ST_GeomFromText('POINT(42.1128005981445 45.1091995239258)'), 'Europe/Moscow');
INSERT INTO airports VALUES ('ASF', 'Astrakhan Airport', 'Astrakhan', ST_GeomFromText('POINT(48.0063018799 46.2832984924)'), 'Europe/Samara');
INSERT INTO airports VALUES ('NJC', 'Nizhnevartovsk Airport', 'Nizhnevartovsk', ST_GeomFromText('POINT(76.4835968017578 60.9492988586426)'), 'Asia/Yekaterinburg');
INSERT INTO airports VALUES ('SVX', 'Koltsovo Airport', 'Yekaterinburg', ST_GeomFromText('POINT(60.802700042725 56.743099212646)'), 'Asia/Yekaterinburg');
INSERT INTO airports VALUES ('SVO', 'Sheremetyevo International Airport', 'Moscow', ST_GeomFromText('POINT(37.4146 55.972599)'), 'Europe/Moscow');
INSERT INTO airports VALUES ('VOZ', 'Voronezh International Airport', 'Voronezh', ST_GeomFromText('POINT(39.2295989990234 51.8142013549805)'), 'Europe/Moscow');
INSERT INTO airports VALUES ('VKO', 'Vnukovo International Airport', 'Moscow', ST_GeomFromText('POINT(37.2615013123 55.5914993286)'), 'Europe/Moscow');
INSERT INTO airports VALUES ('SCW', 'Syktyvkar Airport', 'Syktyvkar', ST_GeomFromText('POINT(50.845100402832 61.6469993591309)'), 'Europe/Moscow');
INSERT INTO airports VALUES ('KUF', 'Kurumoch International Airport', 'Samara', ST_GeomFromText('POINT(50.16429901123 53.504901885986)'), 'Europe/Samara');
INSERT INTO airports VALUES ('DME', 'Domodedovo International Airport', 'Moscow', ST_GeomFromText('POINT(37.9062995910645 55.4087982177734)'), 'Europe/Moscow');
INSERT INTO airports VALUES ('TJM', 'Roshchino International Airport', 'Tyumen', ST_GeomFromText('POINT(65.3243026733 57.1896018982)'), 'Asia/Yekaterinburg');
INSERT INTO airports VALUES ('GOJ', 'Nizhny Novgorod Strigino International Airport', 'Nizhniy Novgorod', ST_GeomFromText('POINT(43.784000396729 56.230098724365)'), 'Europe/Moscow');
INSERT INTO airports VALUES ('TOF', 'Bogashevo Airport', 'Tomsk', ST_GeomFromText('POINT(85.208297729492 56.380298614502)'), 'Asia/Krasnoyarsk');
INSERT INTO airports VALUES ('UIK', 'Ust-Ilimsk Airport', 'Ust Ilimsk', ST_GeomFromText('POINT(102.565002441406 58.136100769043)'), 'Asia/Irkutsk');
INSERT INTO airports VALUES ('NSK', 'Norilsk-Alykel Airport', 'Norilsk', ST_GeomFromText('POINT(87.3321990966797 69.3110961914062)'), 'Asia/Krasnoyarsk');
INSERT INTO airports VALUES ('ARH', 'Talagi Airport', 'Arkhangelsk', ST_GeomFromText('POINT(40.7167015075684 64.6003036499023)'), 'Europe/Moscow');
INSERT INTO airports VALUES ('RTW', 'Saratov Central Airport', 'Saratov', ST_GeomFromText('POINT(46.0466995239258 51.564998626709)'), 'Europe/Volgograd');
INSERT INTO airports VALUES ('NUX', 'Novy Urengoy Airport', 'Novy Urengoy', ST_GeomFromText('POINT(76.5203018188477 66.0693969726562)'), 'Asia/Yekaterinburg');
INSERT INTO airports VALUES ('NOJ', 'Noyabrsk Airport', 'Noyabrsk', ST_GeomFromText('POINT(75.2699966430664 63.1833000183105)'), 'Asia/Yekaterinburg');
INSERT INTO airports VALUES ('UCT', 'Ukhta Airport', 'Ukhta', ST_GeomFromText('POINT(53.8046989440918 63.5668983459473)'), 'Europe/Moscow');
INSERT INTO airports VALUES ('USK', 'Usinsk Airport', 'Usinsk', ST_GeomFromText('POINT(57.3671989440918 66.0046997070312)'), 'Europe/Moscow');
INSERT INTO airports VALUES ('NNM', 'Naryan Mar Airport', 'Naryan-Mar', ST_GeomFromText('POINT(53.121898651123 67.6399993896484)'), 'Europe/Moscow');
INSERT INTO airports VALUES ('PKV', 'Pskov Airport', 'Pskov', ST_GeomFromText('POINT(28.3955993652344 57.7839012145996)'), 'Europe/Moscow');
INSERT INTO airports VALUES ('KGP', 'Kogalym International Airport', 'Kogalym', ST_GeomFromText('POINT(74.5337982177734 62.1903991699219)'), 'Asia/Yekaterinburg');
INSERT INTO airports VALUES ('KJA', 'Yemelyanovo Airport', 'Krasnoyarsk', ST_GeomFromText('POINT(92.493301391602 56.172901153564)'), 'Asia/Krasnoyarsk');
INSERT INTO airports VALUES ('URJ', 'Uray Airport', 'Uraj', ST_GeomFromText('POINT(64.8266983032227 60.1032981872559)'), 'Asia/Yekaterinburg');
INSERT INTO airports VALUES ('IWA', 'Ivanovo South Airport', 'Ivanovo', ST_GeomFromText('POINT(40.9407997131348 56.9393997192383)'), 'Europe/Moscow');
INSERT INTO airports VALUES ('PYJ', 'Polyarny Airport', 'Yakutia', ST_GeomFromText('POINT(112.029998779 66.4003982544)'), 'Asia/Yakutsk');
INSERT INTO airports VALUES ('KXK', 'Komsomolsk-on-Amur Airport', 'Komsomolsk-on-Amur', ST_GeomFromText('POINT(136.934005737305 50.4090003967285)'), 'Asia/Vladivostok');
INSERT INTO airports VALUES ('DYR', 'Ugolny Airport', 'Anadyr', ST_GeomFromText('POINT(177.740997314453 64.7349014282227)'), 'Asia/Anadyr');
INSERT INTO airports VALUES ('PES', 'Petrozavodsk Airport', 'Petrozavodsk', ST_GeomFromText('POINT(34.1547012329102 61.8852005004883)'), 'Europe/Moscow');
INSERT INTO airports VALUES ('KYZ', 'Kyzyl Airport', 'Kyzyl', ST_GeomFromText('POINT(94.4005966186523 51.6693992614746)'), 'Asia/Krasnoyarsk');
INSERT INTO airports VALUES ('NOZ', 'Spichenkovo Airport', 'Novokuznetsk', ST_GeomFromText('POINT(86.877197265625 53.8114013671875)'), 'Asia/Novokuznetsk');
INSERT INTO airports VALUES ('GRV', 'Khankala Air Base', 'Grozny', ST_GeomFromText('POINT(45.7840995788574 43.2980995178223)'), 'Europe/Moscow');
INSERT INTO airports VALUES ('NAL', 'Nalchik Airport', 'Nalchik', ST_GeomFromText('POINT(43.6366004943848 43.5129013061523)'), 'Europe/Moscow');
INSERT INTO airports VALUES ('OGZ', 'Beslan Airport', 'Beslan', ST_GeomFromText('POINT(44.6066017151 43.2051010132)'), 'Europe/Moscow');
INSERT INTO airports VALUES ('ESL', 'Elista Airport', 'Elista', ST_GeomFromText('POINT(44.3308982849121 46.3739013671875)'), 'Europe/Moscow');
INSERT INTO airports VALUES ('SLY', 'Salekhard Airport', 'Salekhard', ST_GeomFromText('POINT(66.6110000610352 66.5907974243164)'), 'Asia/Yekaterinburg');
INSERT INTO airports VALUES ('HMA', 'Khanty Mansiysk Airport', 'Khanty-Mansiysk', ST_GeomFromText('POINT(69.0860977172852 61.0284996032715)'), 'Asia/Yekaterinburg');
INSERT INTO airports VALUES ('NYA', 'Nyagan Airport', 'Nyagan', ST_GeomFromText('POINT(65.6149978637695 62.1100006103516)'), 'Asia/Yekaterinburg');
INSERT INTO airports VALUES ('OVS', 'Sovetskiy Airport', 'Sovetskiy', ST_GeomFromText('POINT(63.6019134521484 61.3266220092773)'), 'Asia/Yekaterinburg');
INSERT INTO airports VALUES ('IJK', 'Izhevsk Airport', 'Izhevsk', ST_GeomFromText('POINT(53.4575004577637 56.8280982971191)'), 'Europe/Samara');
INSERT INTO airports VALUES ('KVX', 'Pobedilovo Airport', 'Kirov', ST_GeomFromText('POINT(49.348300933838 58.503299713135)'), 'Europe/Moscow');
INSERT INTO airports VALUES ('NYM', 'Nadym Airport', 'Nadym', ST_GeomFromText('POINT(72.6988983154297 65.4809036254883)'), 'Asia/Yekaterinburg');
INSERT INTO airports VALUES ('NFG', 'Nefteyugansk Airport', 'Nefteyugansk', ST_GeomFromText('POINT(72.6500015258789 61.1082992553711)'), 'Asia/Yekaterinburg');
INSERT INTO airports VALUES ('KRO', 'Kurgan Airport', 'Kurgan', ST_GeomFromText('POINT(65.4156036376953 55.4752998352051)'), 'Asia/Yekaterinburg');
INSERT INTO airports VALUES ('EGO', 'Belgorod International Airport', 'Belgorod', ST_GeomFromText('POINT(36.5900993347168 50.643798828125)'), 'Europe/Moscow');
INSERT INTO airports VALUES ('URS', 'Kursk East Airport', 'Kursk', ST_GeomFromText('POINT(36.2956008911133 51.7505989074707)'), 'Europe/Moscow');
INSERT INTO airports VALUES ('LPK', 'Lipetsk Airport', 'Lipetsk', ST_GeomFromText('POINT(39.5377998352051 52.7028007507324)'), 'Europe/Moscow');
INSERT INTO airports VALUES ('VKT', 'Vorkuta Airport', 'Vorkuta', ST_GeomFromText('POINT(63.9930992126465 67.4886016845703)'), 'Europe/Moscow');
INSERT INTO airports VALUES ('UUA', 'Bugulma Airport', 'Bugulma', ST_GeomFromText('POINT(52.801700592041 54.6399993896484)'), 'Europe/Moscow');
INSERT INTO airports VALUES ('JOK', 'Yoshkar-Ola Airport', 'Yoshkar-Ola', ST_GeomFromText('POINT(47.9047012329102 56.7005996704102)'), 'Europe/Moscow');
INSERT INTO airports VALUES ('CSY', 'Cheboksary Airport', 'Cheboksary', ST_GeomFromText('POINT(47.3473014831543 56.0903015136719)'), 'Europe/Moscow');
INSERT INTO airports VALUES ('ULY', 'Ulyanovsk East Airport', 'Ulyanovsk', ST_GeomFromText('POINT(48.8027000427246 54.4010009765625)'), 'Europe/Samara');
INSERT INTO airports VALUES ('OSW', 'Orsk Airport', 'Orsk', ST_GeomFromText('POINT(58.5956001281738 51.0724983215332)'), 'Asia/Yekaterinburg');
INSERT INTO airports VALUES ('PEZ', 'Penza Airport', 'Penza', ST_GeomFromText('POINT(45.0210990905762 53.1105995178223)'), 'Europe/Moscow');
INSERT INTO airports VALUES ('SKX', 'Saransk Airport', 'Saransk', ST_GeomFromText('POINT(45.2122573852539 54.125129699707)'), 'Europe/Moscow');
INSERT INTO airports VALUES ('TBW', 'Donskoye Airport', 'Tambow', ST_GeomFromText('POINT(41.482799530029 52.806098937988)'), 'Europe/Moscow');
INSERT INTO airports VALUES ('UKX', 'Ust-Kut Airport', 'Ust-Kut', ST_GeomFromText('POINT(105.730003356934 56.8567008972168)'), 'Asia/Irkutsk');
INSERT INTO airports VALUES ('GDZ', 'Gelendzhik Airport', 'Gelendzhik', ST_GeomFromText('POINT(38.0124807358 44.5820926295)'), 'Europe/Moscow');
INSERT INTO airports VALUES ('IAR', 'Tunoshna Airport', 'Yaroslavl', ST_GeomFromText('POINT(40.157398223877 57.5606994628906)'), 'Europe/Moscow');
INSERT INTO airports VALUES ('NBC', 'Begishevo Airport', 'Nizhnekamsk', ST_GeomFromText('POINT(52.0924987792969 55.5647010803223)'), 'Europe/Moscow');
INSERT INTO airports VALUES ('ULV', 'Ulyanovsk Baratayevka Airport', 'Ulyanovsk', ST_GeomFromText('POINT(48.2266998291 54.2682991028)'), 'Europe/Samara');
INSERT INTO airports VALUES ('SWT', 'Strezhevoy Airport', 'Strezhevoy', ST_GeomFromText('POINT(77.6600036621 60.709400177)'), 'Asia/Krasnoyarsk');
INSERT INTO airports VALUES ('EYK', 'Beloyarskiy Airport', 'Beloyarsky', ST_GeomFromText('POINT(66.698600769 63.6869010925)'), 'Asia/Yekaterinburg');
INSERT INTO airports VALUES ('KLF', 'Grabtsevo Airport', 'Kaluga', ST_GeomFromText('POINT(36.3666687012 54.5499992371)'), 'Europe/Moscow');
INSERT INTO airports VALUES ('RGK', 'Gorno-Altaysk Airport', 'Gorno-Altaysk', ST_GeomFromText('POINT(85.8332977295 51.9667015076)'), 'Asia/Krasnoyarsk');
INSERT INTO airports VALUES ('KRR', 'Krasnodar Pashkovsky International Airport', 'Krasnodar', ST_GeomFromText('POINT(39.170501708984 45.034698486328)'), 'Europe/Moscow');
INSERT INTO airports VALUES ('MCX', 'Uytash Airport', 'Makhachkala', ST_GeomFromText('POINT(47.6523017883301 42.8167991638184)'), 'Europe/Moscow');
INSERT INTO airports VALUES ('KZN', 'Kazan International Airport', 'Kazan', ST_GeomFromText('POINT(49.278701782227 55.606201171875)'), 'Europe/Moscow');
INSERT INTO airports VALUES ('REN', 'Orenburg Central Airport', 'Orenburg', ST_GeomFromText('POINT(55.4566993713379 51.7957992553711)'), 'Asia/Yekaterinburg');
INSERT INTO airports VALUES ('UFA', 'Ufa International Airport', 'Ufa', ST_GeomFromText('POINT(55.874401092529 54.557498931885)'), 'Asia/Yekaterinburg');
INSERT INTO airports VALUES ('OVB', 'Tolmachevo Airport', 'Novosibirsk', ST_GeomFromText('POINT(82.650703430176 55.012599945068)'), 'Asia/Novosibirsk');
INSERT INTO airports VALUES ('CEE', 'Cherepovets Airport', 'Cherepovets', ST_GeomFromText('POINT(38.0158004761 59.273601532)'), 'Europe/Moscow');
INSERT INTO airports VALUES ('OMS', 'Omsk Central Airport', 'Omsk', ST_GeomFromText('POINT(73.3105010986328 54.9669990539551)'), 'Asia/Omsk');
INSERT INTO airports VALUES ('ROV', 'Rostov-on-Don Airport', 'Rostov', ST_GeomFromText('POINT(39.8180999756 47.2582015991)'), 'Europe/Moscow');
INSERT INTO airports VALUES ('AER', 'Sochi International Airport', 'Sochi', ST_GeomFromText('POINT(39.956600189209 43.449901580811)'), 'Europe/Moscow');
INSERT INTO airports VALUES ('VOG', 'Volgograd International Airport', 'Volgograd', ST_GeomFromText('POINT(44.3455009460449 48.7825012207031)'), 'Europe/Volgograd');
INSERT INTO airports VALUES ('BQS', 'Ignatyevo Airport', 'Blagoveschensk', ST_GeomFromText('POINT(127.412002563477 50.4253997802734)'), 'Asia/Yakutsk');
INSERT INTO airports VALUES ('GDX', 'Sokol Airport', 'Magadan', ST_GeomFromText('POINT(150.720001220703 59.9109992980957)'), 'Asia/Magadan');
INSERT INTO airports VALUES ('HTA', 'Chita-Kadala Airport', 'Chita', ST_GeomFromText('POINT(113.306 52.026299)'), 'Asia/Chita');
INSERT INTO airports VALUES ('BTK', 'Bratsk Airport', 'Bratsk', ST_GeomFromText('POINT(101.697998046875 56.3706016540527)'), 'Asia/Irkutsk');
INSERT INTO airports VALUES ('IKT', 'Irkutsk Airport', 'Irkutsk', ST_GeomFromText('POINT(104.38899993896 52.268001556396)'), 'Asia/Irkutsk');
INSERT INTO airports VALUES ('UUD', 'Ulan-Ude Airport (Mukhino)', 'Ulan-ude', ST_GeomFromText('POINT(107.438003540039 51.8078002929688)'), 'Asia/Irkutsk');
INSERT INTO airports VALUES ('MMK', 'Murmansk Airport', 'Murmansk', ST_GeomFromText('POINT(32.7508010864258 68.7817001342773)'), 'Europe/Moscow');
INSERT INTO airports VALUES ('ABA', 'Abakan Airport', 'Abakan', ST_GeomFromText('POINT(91.3850021362305 53.7400016784668)'), 'Asia/Krasnoyarsk');
INSERT INTO airports VALUES ('BAX', 'Barnaul Airport', 'Barnaul', ST_GeomFromText('POINT(83.5384979248047 53.3638000488281)'), 'Asia/Krasnoyarsk');
INSERT INTO airports VALUES ('AAQ', 'Anapa Vityazevo Airport', 'Anapa', ST_GeomFromText('POINT(37.347301483154 45.002101898193)'), 'Europe/Moscow');
INSERT INTO airports VALUES ('CNN', 'Chulman Airport', 'Neryungri', ST_GeomFromText('POINT(124.91400146484 56.913898468018)'), 'Asia/Yakutsk');
INSERT INTO aircrafts VALUES ('773', 'Boeing 777-300', '11100');
INSERT INTO aircrafts VALUES ('763', 'Boeing 767-300', '7900');
INSERT INTO aircrafts VALUES ('SU9', 'Sukhoi Superjet-100', '3000');
INSERT INTO aircrafts VALUES ('320', 'Airbus A320-200', '5700');
INSERT INTO aircrafts VALUES ('321', 'Airbus A321-200', '5600');
INSERT INTO aircrafts VALUES ('319', 'Airbus A319-100', '6700');
INSERT INTO aircrafts VALUES ('733', 'Boeing 737-300', '4200');
INSERT INTO aircrafts VALUES ('CN1', 'Cessna 208 Caravan', '1200');
INSERT INTO aircrafts VALUES ('CR2', 'Bombardier CRJ-200', '2700');
INSERT INTO seats VALUES ('733', '1A', 'Business');
INSERT INTO seats VALUES ('733', '1C', 'Business');
INSERT INTO seats VALUES ('733', '1D', 'Business');
INSERT INTO seats VALUES ('733', '1F', 'Business');
INSERT INTO seats VALUES ('733', '2A', 'Business');
INSERT INTO seats VALUES ('733', '2C', 'Business');
INSERT INTO seats VALUES ('733', '2D', 'Business');
INSERT INTO seats VALUES ('733', '2F', 'Business');
INSERT INTO seats VALUES ('733', '3A', 'Business');
INSERT INTO seats VALUES ('733', '3C', 'Business');
INSERT INTO seats VALUES ('733', '3D', 'Business');
INSERT INTO seats VALUES ('733', '3F', 'Business');
INSERT INTO seats VALUES ('733', '4A', 'Economy');
INSERT INTO seats VALUES ('733', '4B', 'Economy');
INSERT INTO seats VALUES ('733', '4C', 'Economy');
INSERT INTO seats VALUES ('733', '4D', 'Economy');
INSERT INTO seats VALUES ('733', '4E', 'Economy');
INSERT INTO seats VALUES ('733', '4F', 'Economy');
INSERT INTO seats VALUES ('733', '5A', 'Economy');
INSERT INTO seats VALUES ('733', '5B', 'Economy');
INSERT INTO tickets VALUES ('0005432034627', '001269', '2853 922120', 'BORIS ORLOV', '+70381699675');
INSERT INTO tickets VALUES ('0005432034628', '001269', '2667 544137', 'MARIYA NIKOLAEVA', '+70500305342');
INSERT INTO tickets VALUES ('0005432034629', '001269', '5157 134525', 'NIKOLAY CHERNOV', '+70359486833');
INSERT INTO tickets VALUES ('0005432081476', '001191', '1320 532677', 'DMITRIY KUZMIN', '+70147685422');
INSERT INTO tickets VALUES ('0005432081477', '001191', '4692 784959', 'NADEZHDA KALININA', '+70729570886');
INSERT INTO tickets VALUES ('0005432106361', '00044D', '3186 858511', 'NADEZHDA KULIKOVA', '+70185102851');
INSERT INTO tickets VALUES ('0005432106386', '00053F', '4794 209061', 'TATYANA ZAKHAROVA', '+70592214423');
INSERT INTO tickets VALUES ('0005432133238', '000E07', '6202 371240', 'ELVIRA TITOVA', '+70280851615');
INSERT INTO tickets VALUES ('0005432133239', '000E07', '7552 545458', 'OLGA EFIMOVA', '+70058859613');
INSERT INTO tickets VALUES ('0005432133240', '000E07', '4079 666069', 'ANNA ZHURAVLEVA', '+70863081728');
INSERT INTO tickets VALUES ('0005432262420', '00114E', '5718 360783', 'OLGA EGOROVA', '+70047115091');
INSERT INTO tickets VALUES ('0005432293273', '000068', '5895 674437', 'TATYANA PETROVA', '+70886117503');
INSERT INTO tickets VALUES ('0005432328074', '000A39', '8140 079977', 'VALERIY SIDOROV', '+70887177547');
INSERT INTO tickets VALUES ('0005432329491', '0006C3', '4486 459735', 'YULIYA TROFIMOVA', '+70850747734');
INSERT INTO tickets VALUES ('0005432329492', '0006C3', '1691 126633', 'FARIT ZAKHAROV', '+70301259324');
INSERT INTO tickets VALUES ('0005432359741', '0008FD', '9570 262081', 'NATALYA KRASNOVA', '+70958414163');
INSERT INTO tickets VALUES ('0005432383559', '001184', '2867 749790', 'NIKOLAY KUZNECOV', '+70012213196');
INSERT INTO tickets VALUES ('0005432460830', '0006F5', '9260 101020', 'TATYANA SCHERBAKOVA', '+70528987541');
INSERT INTO tickets VALUES ('0005432460831', '0006F5', '1046 330827', 'SOFYA VOROBEVA', '+70744950331');
INSERT INTO tickets VALUES ('0005432527326', '000012', '9091 269355', 'TAMARA ZAYCEVA', '+70749401734');
INSERT INTO tickets VALUES ('0005432528533', '000DC5', '3335 261030', 'SERGEY GRIGOREV', '+70272018265');
INSERT INTO tickets VALUES ('0005432528534', '000DC5', '2419 598419', 'SVETLANA YAKOVLEVA', '+70575139635');
INSERT INTO tickets VALUES ('0005432529127', '000917', '0337 045121', 'VERONIKA NIKOLAEVA', '+70741983382');
INSERT INTO tickets VALUES ('0005432529998', '0008F4', '6872 995157', 'YULIYA CHERNOVA', '+70449972365');
INSERT INTO tickets VALUES ('0005432531066', '0005F4', '7027 209576', 'NIKOLAY KUDRYASHOV', '+70339070063');
INSERT INTO tickets VALUES ('0005432531067', '0005F4', '6776 055230', 'MARIYA POLYAKOVA', '+70111081744');
INSERT INTO tickets VALUES ('0005432604244', '0007A9', '7714 889703', 'ANATOLIY VOLKOV', '+70938999396');
INSERT INTO tickets VALUES ('0005432660797', '000FAC', '4815 783106', 'EVGENIYA LEBEDEVA', '+70794982415');
INSERT INTO tickets VALUES ('0005432663023', '00067B', '1403 773568', 'DMITRIY SCHERBAKOV', '+70407280789');
INSERT INTO tickets VALUES ('0005432706449', '0009ED', '7478 666965', 'VYACHESLAV IVANOV', '+70033317400');
INSERT INTO tickets VALUES ('0005432706450', '0009ED', '0734 272387', 'LYUDMILA PAVLOVA', '+70968910881');
INSERT INTO tickets VALUES ('0005432747729', '000999', '3242 847651', 'TATYANA SOROKINA', '+70890210861');
INSERT INTO tickets VALUES ('0005432891015', '0009D5', '3748 081465', 'MAKSIM SOKOLOV', '+70650801843');
INSERT INTO tickets VALUES ('0005432891016', '0009D5', '5702 744060', 'FATIMA TIKHONOVA', '+70200988488');
INSERT INTO tickets VALUES ('0005433009535', '000909', '3720 983323', 'ALEKSEY SOLOVEV', '+70598487208');
INSERT INTO tickets VALUES ('0005433036153', '0002F3', '1001 058091', 'ILYA MOROZOV', '+70123614037');
INSERT INTO tickets VALUES ('0005433036154', '0002F3', '6805 332631', 'ILYA PETROV', '+70891846264');
INSERT INTO tickets VALUES ('0005433036155', '0002F3', '7293 080905', 'NATALYA KISELEVA', '+70989197928');
INSERT INTO tickets VALUES ('0005433101280', '000511', '6156 354411', 'ANATOLIY MIKHAYLOV', '+70932836108');
INSERT INTO tickets VALUES ('0005433151107', '000735', '0807 170434', 'LIDIYA RODIONOVA', '+70067132917');
INSERT INTO tickets VALUES ('0005433192917', '000859', '1729 880179', 'TATYANA TARASOVA', '+70924576384');
INSERT INTO tickets VALUES ('0005433192918', '000859', '9221 608063', 'GALINA BORISOVA', '+70112016470');
INSERT INTO tickets VALUES ('0005433192919', '000859', '6404 918237', 'LYUDMILA KISELEVA', '+70815104921');
INSERT INTO tickets VALUES ('0005433202287', '000E3A', '8390 123543', 'ALEKSANDRA NIKITINA', '+70901779961');
INSERT INTO tickets VALUES ('0005433342102', '000352', '0376 023393', 'RUZALIYA KOROLEVA', '+70879819855');
INSERT INTO tickets VALUES ('0005433342103', '000352', '2080 204434', 'LYUDMILA TIKHONOVA', '+70460049676');
INSERT INTO tickets VALUES ('0005433368030', '000A1E', '7557 499406', 'BOGDAN FROLOV', '+70024440347');
INSERT INTO tickets VALUES ('0005433368031', '000A1E', '3842 830647', 'ALEKSANDR ZAYCEV', '+70551882589');
INSERT INTO tickets VALUES ('0005433435011', '0011A9', '3615 625960', 'VITALIY SHEVCHENKO', '+70063304564');
INSERT INTO tickets VALUES ('0005433634101', '000B97', '6889 375514', 'ANDREY IVANOV', '+70497820699');
INSERT INTO tickets VALUES ('0005433722400', '000AB3', '8424 028768', 'LYUDMILA NIKOLAEVA', '+70518553750');
INSERT INTO tickets VALUES ('0005433763203', '000ADA', '6346 427699', 'VALERIY ZAYCEV', '+70443167463');
INSERT INTO tickets VALUES ('0005433785757', '000374', '6547 193021', 'VALENTINA PAVLOVA', '+70021949335');
INSERT INTO tickets VALUES ('0005433806172', '000BFF', '9704 964069', 'VYACHESLAV BORISOV', '+70233230557');
INSERT INTO tickets VALUES ('0005433846486', '000F74', '2731 202399', 'NIKOLAY ISAEV', '+70740370257');
INSERT INTO tickets VALUES ('0005433867776', '000B77', '2116 608557', 'EVGENIY MARTYNOV', '+70069471104');
INSERT INTO tickets VALUES ('0005433869064', '0004E1', '8443 520906', 'EGOR PAVLOV', '+70551493403');
INSERT INTO tickets VALUES ('0005433869065', '0004E1', '2243 683151', 'NATALYA DANILOVA', '+70275318845');
INSERT INTO tickets VALUES ('0005433925347', '001089', '2498 775582', 'ALEVTINA ARKHIPOVA', '+70322252339');
INSERT INTO tickets VALUES ('0005433986059', '00044E', '6676 063457', 'ALEKSEY DENISOV', '+70938695075');
INSERT INTO tickets VALUES ('0005433986060', '00044E', '9938 399775', 'SERGEY ZAKHAROV', '+70512436540');
INSERT INTO tickets VALUES ('0005433986395', '00098F', '8115 721627', 'VASILIY GUSEV', '+70832488955');
INSERT INTO tickets VALUES ('0005433986733', '0002DB', '1093 509566', 'ANNA TITOVA', '+70594590451');
INSERT INTO tickets VALUES ('0005433986734', '0002DB', '9617 908381', 'OLGA POTAPOVA', '+70138304349');
INSERT INTO tickets VALUES ('0005434022883', '000769', '8265 551713', 'LYUDMILA MIKHAYLOVA', '+70561917157');
INSERT INTO tickets VALUES ('0005434022884', '000769', '5552 039028', 'NADEZHDA ABRAMOVA', '+70773156852');
INSERT INTO tickets VALUES ('0005434023206', '000842', '6372 396970', 'TATYANA NIKITINA', '+70698837467');
INSERT INTO tickets VALUES ('0005434023207', '000842', '7452 869794', 'YULIYA KOZLOVA', '+70675857345');
INSERT INTO tickets VALUES ('0005434067063', '0007ED', '9039 738730', 'VERA FILATOVA', '+70136607673');
INSERT INTO tickets VALUES ('0005434067064', '0007ED', '6248 580709', 'LYUBOV ABRAMOVA', '+70761496340');
INSERT INTO tickets VALUES ('0005434069385', '000EA2', '5269 321462', 'ALEKSEY MAKSIMOV', '+70641512674');
INSERT INTO tickets VALUES ('0005434139997', '000862', '3664 393414', 'ARTEM KULIKOV', '+70337637641');
INSERT INTO tickets VALUES ('0005434139998', '000862', '1491 834684', 'MARGARITA MAKAROVA', '+70428423059');
INSERT INTO tickets VALUES ('0005434407173', '0002E0', '3986 620108', 'IGOR KARPOV', '+70253260520');
INSERT INTO tickets VALUES ('0005434407174', '0002E0', '5699 345447', 'ALEKSANDR TARASOV', '+70450335494');
INSERT INTO tickets VALUES ('0005434444152', '001164', '5218 227155', 'VLADISLAV ROMANOV', '+70431920378');
INSERT INTO tickets VALUES ('0005434444153', '001164', '3117 644674', 'IRINA KALININA', '+70758255151');
INSERT INTO tickets VALUES ('0005434448293', '0005FF', '4270 986567', 'VALERIY MOROZOV', '+70244439027');
INSERT INTO tickets VALUES ('0005434448294', '0005FF', '4351 004268', 'MARINA SOROKINA', '+70587628638');
INSERT INTO tickets VALUES ('0005434480541', '0008DF', '1671 081472', 'ALEKSANDR FEDOROV', '+70520265814');
INSERT INTO tickets VALUES ('0005434480542', '0008DF', '1838 085482', 'LYUDMILA KUZNECOVA', '+70576244013');
INSERT INTO tickets VALUES ('0005434550605', '000DBE', '3667 786392', 'VALENTINA ANISIMOVA', '+70656742431');
INSERT INTO tickets VALUES ('0005434550606', '000DBE', '5856 298169', 'NADEZHDA GRISHINA', '+70403680498');
INSERT INTO tickets VALUES ('0005434655397', '001233', '0671 070346', 'ANNA IVANOVA', '+70261317823');
INSERT INTO tickets VALUES ('0005434993985', '00054E', '1631 784660', 'GALINA IVANOVA', '+70822100939');
INSERT INTO tickets VALUES ('0005435070028', '000BD8', '6156 020148', 'ELIZAVETA AKIMOVA', '+70826096532');
INSERT INTO tickets VALUES ('0005435070029', '000BD8', '5679 062007', 'ALEKSANDR VASILEV', '+70384923596');
INSERT INTO tickets VALUES ('0005435127439', '00101D', '4809 072965', 'TATYANA BELOVA', '+70466263301');
INSERT INTO tickets VALUES ('0005435127440', '00101D', '9487 649938', 'ALEKSEY MAKAROV', '+70612187734');
INSERT INTO tickets VALUES ('0005435177476', '000B91', '2091 598274', 'MIKHAIL ALEKSANDROV', '+70337495138');
INSERT INTO tickets VALUES ('0005435214478', '000C2B', '2537 377604', 'TATYANA VASILEVA', '+70603846469');
INSERT INTO tickets VALUES ('0005435254536', '000836', '5293 187295', 'EVGENIY BORISOV', '+70384044053');
INSERT INTO tickets VALUES ('0005435286696', '0004B0', '1894 779083', 'ALEKSANDR FILIPPOV', '+70921874037');
INSERT INTO tickets VALUES ('0005435372110', '0007FC', '5719 481983', 'FAINA BELOVA', '+70201198819');
INSERT INTO tickets VALUES ('0005435375058', '00107C', '4309 997574', 'YULIYA KUDRYASHOVA', '+70237513571');
INSERT INTO tickets VALUES ('0005435377920', '000F7D', '7063 130275', 'TIMUR VASILEV', '+70573384392');
INSERT INTO tickets VALUES ('0005435423700', '0005E7', '5087 329973', 'ILYA MOROZOV', '+70309996690');
INSERT INTO tickets VALUES ('0005435424469', '000AA7', '0264 842639', 'NADEZHDA KRASNOVA', '+70682052401');
INSERT INTO tickets VALUES ('0005435424470', '000AA7', '9926 247465', 'ALEKSANDR SOLOVEV', '+70500729499');
INSERT INTO tickets VALUES ('0005435425341', '000784', '5546 862492', 'ALEKSANDRA PAVLOVA', '+70180185768');
INSERT INTO tickets VALUES ('0005435541622', '00094B', '6505 601390', 'TATYANA ILINA', '+70965748860');
INSERT INTO tickets VALUES ('0005435545944', '000181', '6799 285573', 'ALEKSANDR ZHUKOV', '+70411811316');
INSERT INTO tickets VALUES ('0005435545945', '000181', '0929 739492', 'EVGENIYA KARPOVA', '+70669289906');
INSERT INTO tickets VALUES ('0005435614475', '000C28', '8337 405914', 'EVGENIYA KRASNOVA', '+70966926630');
INSERT INTO tickets VALUES ('0005435653688', '000F07', '1610 425380', 'SERGEY EGOROV', '+70670081991');
INSERT INTO tickets VALUES ('0005435653907', '00034E', '4996 903252', 'OLESYA KONOVALOVA', '+70843209529');
INSERT INTO tickets VALUES ('0005435706114', '000D3C', '0585 257391', 'IVAN YAKOVLEV', '+70633828311');
INSERT INTO tickets VALUES ('0005435706115', '000D3C', '0231 739484', 'VADIM KUZNECOV', '+70087824506');
INSERT INTO tickets VALUES ('0005435767739', '000EFA', '8790 345235', 'EVGENIY NOVIKOV', '+70530516553');
INSERT INTO tickets VALUES ('0005435767874', '0002D8', '2126 190814', 'SANIYA KOROLEVA', '+70635878668');
INSERT INTO tickets VALUES ('0005435788796', '000FD6', '8867 117388', 'YULIYA KUZNECOVA', '+70767216432');
INSERT INTO tickets VALUES ('0005435790266', '00111B', '1212 370962', 'GENNADIY ZHUKOV', '+70211961087');
INSERT INTO tickets VALUES ('0005435790267', '00111B', '7229 833820', 'ANNA OSIPOVA', '+70288951369');
INSERT INTO tickets VALUES ('0005435808109', '000BB3', '9572 833758', 'KRISTINA IVANOVA', '+70917142309');
INSERT INTO tickets VALUES ('0005435838975', '00000F', '1708 262537', 'ANNA ANTONOVA', '+70938049942');
INSERT INTO flights VALUES ('114', 'PG0405', '2017-08-13 09:35:00', '2017-08-13 10:30:00', 'DME', 'LED', 'Arrived', '321', '2017-08-13 09:39:00', '2017-08-13 10:34:00');
INSERT INTO flights VALUES ('130', 'PG0404', '2017-07-24 19:05:00', '2017-07-24 20:00:00', 'DME', 'LED', 'Arrived', '321', '2017-07-24 19:05:00', '2017-07-24 20:00:00');
INSERT INTO flights VALUES ('266', 'PG0222', '2017-07-22 11:05:00', '2017-07-22 14:30:00', 'DME', 'OVB', 'Arrived', '773', '2017-07-22 11:05:00', '2017-07-22 14:30:00');
INSERT INTO flights VALUES ('385', 'PG0273', '2017-08-08 09:50:00', '2017-08-08 11:50:00', 'DME', 'CEK', 'Arrived', 'SU9', '2017-08-08 13:09:00', '2017-08-08 15:09:00');
INSERT INTO flights VALUES ('391', 'PG0273', '2017-08-06 09:50:00', '2017-08-06 11:50:00', 'DME', 'CEK', 'Arrived', 'SU9', '2017-08-06 09:55:00', '2017-08-06 11:54:00');
INSERT INTO flights VALUES ('435', 'PG0216', '2017-07-26 14:10:00', '2017-07-26 15:15:00', 'DME', 'KUF', 'Arrived', '763', '2017-07-26 14:12:00', '2017-07-26 15:16:00');
INSERT INTO flights VALUES ('443', 'PG0216', '2017-07-21 14:10:00', '2017-07-21 15:15:00', 'DME', 'KUF', 'Arrived', '763', '2017-07-21 14:12:00', '2017-07-21 15:16:00');
INSERT INTO flights VALUES ('957', 'PG0368', '2017-08-10 15:35:00', '2017-08-10 18:50:00', 'DME', 'NJC', 'Arrived', 'CR2', '2017-08-10 15:37:00', '2017-08-10 18:51:00');
INSERT INTO flights VALUES ('1039', 'PG0517', '2017-08-28 10:30:00', '2017-08-28 11:50:00', 'DME', 'SCW', 'Scheduled', '763', NULL, NULL);
INSERT INTO flights VALUES ('1045', 'PG0517', '2017-07-30 10:30:00', '2017-07-30 11:50:00', 'DME', 'SCW', 'Arrived', '763', '2017-07-30 10:31:00', '2017-07-30 11:50:00');
INSERT INTO flights VALUES ('1375', 'PG0164', '2017-08-02 15:25:00', '2017-08-02 18:35:00', 'DME', 'NUX', 'Arrived', 'SU9', '2017-08-02 15:26:00', '2017-08-02 18:35:00');
INSERT INTO flights VALUES ('1498', 'PG0210', '2017-08-04 18:00:00', '2017-08-04 19:50:00', 'DME', 'MRV', 'Arrived', '733', '2017-08-04 18:02:00', '2017-08-04 19:53:00');
INSERT INTO flights VALUES ('1684', 'PG0095', '2017-08-16 10:45:00', '2017-08-16 13:00:00', 'DME', 'URJ', 'On Time', 'SU9', NULL, NULL);
INSERT INTO flights VALUES ('1685', 'PG0095', '2017-08-17 10:45:00', '2017-08-17 13:00:00', 'DME', 'URJ', 'Scheduled', 'SU9', NULL, NULL);
INSERT INTO flights VALUES ('1692', 'PG0095', '2017-08-21 10:45:00', '2017-08-21 13:00:00', 'DME', 'URJ', 'Scheduled', 'SU9', NULL, NULL);
INSERT INTO flights VALUES ('1744', 'PG0239', '2017-08-31 09:05:00', '2017-08-31 11:40:00', 'DME', 'HMA', 'Scheduled', 'SU9', NULL, NULL);
INSERT INTO flights VALUES ('1835', 'PG0541', '2017-09-01 11:15:00', '2017-09-01 13:25:00', 'DME', 'OVS', 'Scheduled', 'SU9', NULL, NULL);
INSERT INTO flights VALUES ('1942', 'PG0639', '2017-07-21 14:50:00', '2017-07-21 17:55:00', 'DME', 'NYM', 'Arrived', 'CR2', '2017-07-21 14:54:00', '2017-07-21 17:58:00');
INSERT INTO flights VALUES ('1967', 'PG0289', '2017-08-07 17:25:00', '2017-08-07 20:10:00', 'DME', 'VKT', 'Arrived', 'CR2', '2017-08-07 21:15:00', '2017-08-07 23:59:00');
INSERT INTO flights VALUES ('2110', 'PG0220', '2017-08-23 18:05:00', '2017-08-23 19:35:00', 'DME', 'KRR', 'Scheduled', '763', NULL, NULL);
INSERT INTO flights VALUES ('2139', 'PG0220', '2017-08-10 18:05:00', '2017-08-10 19:35:00', 'DME', 'KRR', 'Arrived', '763', '2017-08-10 18:11:00', '2017-08-10 19:41:00');
INSERT INTO flights VALUES ('2363', 'PG0208', '2017-08-20 20:40:00', '2017-08-21 04:40:00', 'DME', 'KHV', 'Scheduled', '763', NULL, NULL);
INSERT INTO flights VALUES ('2450', 'PG0142', '2017-07-18 13:00:00', '2017-07-18 16:50:00', 'DME', 'TOF', 'Arrived', 'SU9', '2017-07-18 13:03:00', '2017-07-18 16:52:00');
INSERT INTO flights VALUES ('2957', 'PG0384', '2017-07-21 12:10:00', '2017-07-21 12:40:00', 'DME', 'BZK', 'Arrived', 'SU9', '2017-07-21 12:12:00', '2017-07-21 12:42:00');
INSERT INTO flights VALUES ('3113', 'PG0118', '2017-08-19 19:55:00', '2017-08-19 20:40:00', 'DME', 'EGO', 'Scheduled', 'SU9', NULL, NULL);
INSERT INTO flights VALUES ('3129', 'PG0118', '2017-07-19 19:55:00', '2017-07-19 20:40:00', 'DME', 'EGO', 'Arrived', 'SU9', '2017-07-19 19:57:00', '2017-07-19 20:42:00');
INSERT INTO flights VALUES ('3237', 'PG0227', '2017-08-10 09:45:00', '2017-08-10 10:35:00', 'VKO', 'LED', 'Arrived', '321', '2017-08-10 09:48:00', '2017-08-10 10:38:00');
INSERT INTO flights VALUES ('3298', 'PG0227', '2017-08-25 09:45:00', '2017-08-25 10:35:00', 'VKO', 'LED', 'Scheduled', '321', NULL, NULL);
INSERT INTO flights VALUES ('3313', 'PG0227', '2017-08-29 09:45:00', '2017-08-29 10:35:00', 'VKO', 'LED', 'Scheduled', '321', NULL, NULL);
INSERT INTO flights VALUES ('3471', 'PG0412', '2017-08-28 11:00:00', '2017-08-28 12:25:00', 'VKO', 'PEE', 'Scheduled', '773', NULL, NULL);
INSERT INTO flights VALUES ('3562', 'PG0396', '2017-08-20 16:20:00', '2017-08-20 17:30:00', 'VKO', 'VOG', 'Scheduled', 'SU9', NULL, NULL);
INSERT INTO flights VALUES ('4153', 'PG0106', '2017-08-18 18:55:00', '2017-08-18 19:50:00', 'VKO', 'ULV', 'Scheduled', 'SU9', NULL, NULL);
INSERT INTO flights VALUES ('4157', 'PG0106', '2017-08-04 18:55:00', '2017-08-04 19:50:00', 'VKO', 'ULV', 'Arrived', 'SU9', '2017-08-04 18:59:00', '2017-08-04 19:54:00');
INSERT INTO flights VALUES ('4177', 'PG0106', '2017-08-11 18:55:00', '2017-08-11 19:50:00', 'VKO', 'ULV', 'Arrived', 'SU9', '2017-08-11 18:57:00', '2017-08-11 19:53:00');
INSERT INTO flights VALUES ('4298', 'PG0553', '2017-07-30 13:45:00', '2017-07-30 15:25:00', 'VKO', 'REN', 'Arrived', 'SU9', '2017-07-30 13:48:00', '2017-07-30 15:27:00');
INSERT INTO flights VALUES ('4557', 'PG0233', '2017-08-11 12:15:00', '2017-08-11 12:40:00', 'VKO', 'BZK', 'Arrived', 'SU9', '2017-08-11 12:19:00', '2017-08-11 12:44:00');
INSERT INTO flights VALUES ('4626', 'PG0233', '2017-08-27 12:15:00', '2017-08-27 12:40:00', 'VKO', 'BZK', 'Scheduled', 'SU9', NULL, NULL);
INSERT INTO flights VALUES ('4708', 'PG0561', '2017-08-21 12:30:00', '2017-08-21 14:15:00', 'VKO', 'AER', 'Scheduled', '763', NULL, NULL);
INSERT INTO flights VALUES ('4766', 'PG0669', '2017-07-17 16:15:00', '2017-07-17 18:45:00', 'VKO', 'KRO', 'Arrived', 'CR2', '2017-07-17 16:20:00', '2017-07-17 18:53:00');
INSERT INTO flights VALUES ('4780', 'PG0669', '2017-08-17 16:15:00', '2017-08-17 18:45:00', 'VKO', 'KRO', 'Scheduled', 'CR2', NULL, NULL);
INSERT INTO flights VALUES ('4996', 'PG0470', '2017-08-19 10:20:00', '2017-08-19 11:10:00', 'SVO', 'LED', 'Scheduled', '321', NULL, NULL);
INSERT INTO flights VALUES ('5084', 'PG0470', '2017-08-18 10:20:00', '2017-08-18 11:10:00', 'SVO', 'LED', 'Scheduled', '321', NULL, NULL);
INSERT INTO flights VALUES ('5186', 'PG0469', '2017-08-24 12:35:00', '2017-08-24 13:25:00', 'SVO', 'LED', 'Scheduled', '321', NULL, NULL);
INSERT INTO flights VALUES ('5187', 'PG0470', '2017-08-24 10:20:00', '2017-08-24 11:10:00', 'SVO', 'LED', 'Scheduled', '321', NULL, NULL);
INSERT INTO flights VALUES ('5287', 'PG0277', '2017-09-06 11:45:00', '2017-09-06 15:10:00', 'SVO', 'OVB', 'Scheduled', '773', NULL, NULL);
INSERT INTO flights VALUES ('5297', 'PG0277', '2017-07-22 11:45:00', '2017-07-22 15:10:00', 'SVO', 'OVB', 'Arrived', '773', '2017-07-22 11:48:00', '2017-07-22 15:14:00');
INSERT INTO flights VALUES ('5328', 'PG0225', '2017-08-05 12:50:00', '2017-08-05 14:35:00', 'SVO', 'SVX', 'Arrived', '773', '2017-08-05 12:58:00', '2017-08-05 14:44:00');
INSERT INTO flights VALUES ('5332', 'PG0225', '2017-08-09 12:50:00', '2017-08-09 14:35:00', 'SVO', 'SVX', 'Arrived', '773', '2017-08-09 12:51:00', '2017-08-09 14:35:00');
INSERT INTO flights VALUES ('5336', 'PG0225', '2017-08-04 12:50:00', '2017-08-04 14:35:00', 'SVO', 'SVX', 'Arrived', '773', '2017-08-04 12:54:00', '2017-08-04 14:39:00');
INSERT INTO flights VALUES ('5347', 'PG0225', '2017-08-18 12:50:00', '2017-08-18 14:35:00', 'SVO', 'SVX', 'Scheduled', '773', NULL, NULL);
INSERT INTO flights VALUES ('5359', 'PG0225', '2017-07-24 12:50:00', '2017-07-24 14:35:00', 'SVO', 'SVX', 'Arrived', '773', '2017-07-24 12:51:00', '2017-07-24 14:38:00');
INSERT INTO flights VALUES ('5404', 'PG0503', '2017-08-26 13:55:00', '2017-08-26 16:55:00', 'SVO', 'OMS', 'Scheduled', 'SU9', NULL, NULL);
INSERT INTO flights VALUES ('5475', 'PG0317', '2017-08-30 16:45:00', '2017-08-30 18:05:00', 'SVO', 'ROV', 'Scheduled', '733', NULL, NULL);
INSERT INTO flights VALUES ('5508', 'PG0529', '2017-08-26 09:50:00', '2017-08-26 11:20:00', 'SVO', 'UFA', 'Scheduled', '763', NULL, NULL);
INSERT INTO flights VALUES ('5522', 'PG0529', '2017-08-28 09:50:00', '2017-08-28 11:20:00', 'SVO', 'UFA', 'Scheduled', '763', NULL, NULL);
INSERT INTO flights VALUES ('5552', 'PG0547', '2017-07-29 10:25:00', '2017-07-29 14:50:00', 'SVO', 'KJA', 'Arrived', '319', '2017-07-29 10:26:00', '2017-07-29 14:48:00');
INSERT INTO flights VALUES ('5575', 'PG0547', '2017-07-28 10:25:00', '2017-07-28 14:50:00', 'SVO', 'KJA', 'Arrived', '319', '2017-07-28 10:25:00', '2017-07-28 14:50:00');
INSERT INTO flights VALUES ('5995', 'PG0703', '2017-07-16 17:15:00', '2017-07-17 02:00:00', 'SVO', 'UUS', 'Arrived', '319', '2017-07-16 17:19:00', '2017-07-17 01:57:00');
INSERT INTO flights VALUES ('6019', 'PG0703', '2017-07-23 17:15:00', '2017-07-24 02:00:00', 'SVO', 'UUS', 'Arrived', '319', '2017-07-23 17:17:00', '2017-07-24 02:07:00');
INSERT INTO flights VALUES ('6141', 'PG0299', '2017-09-02 13:00:00', '2017-09-02 16:50:00', 'SVO', 'ESL', 'Scheduled', 'CN1', NULL, NULL);
INSERT INTO flights VALUES ('6335', 'PG0178', '2017-08-29 14:45:00', '2017-08-29 15:15:00', 'SVO', 'GOJ', 'Scheduled', 'SU9', NULL, NULL);
INSERT INTO flights VALUES ('6365', 'PG0251', '2017-07-20 18:05:00', '2017-07-20 19:45:00', 'SVO', 'AAQ', 'Arrived', '733', '2017-07-20 18:10:00', '2017-07-20 19:49:00');
INSERT INTO flights VALUES ('6401', 'PG0251', '2017-08-24 18:05:00', '2017-08-24 19:45:00', 'SVO', 'AAQ', 'Scheduled', '733', NULL, NULL);
INSERT INTO flights VALUES ('6441', 'PG0679', '2017-07-30 11:30:00', '2017-07-30 13:40:00', 'SVO', 'NNM', 'Arrived', 'CR2', '2017-07-30 11:34:00', '2017-07-30 13:45:00');
INSERT INTO flights VALUES ('6492', 'PG0255', '2017-07-22 16:50:00', '2017-07-23 01:00:00', 'SVO', 'DYR', 'Arrived', '319', '2017-07-22 16:53:00', '2017-07-23 01:12:00');
INSERT INTO flights VALUES ('6991', 'PG0283', '2017-07-20 13:25:00', '2017-07-20 14:30:00', 'SVO', 'ULY', 'Arrived', 'CR2', '2017-07-20 13:29:00', '2017-07-20 14:34:00');
INSERT INTO flights VALUES ('7064', 'PG0677', '2017-07-24 09:40:00', '2017-07-24 11:55:00', 'SVO', 'MCX', 'Arrived', '733', '2017-07-24 09:44:00', '2017-07-24 11:58:00');
INSERT INTO flights VALUES ('7301', 'PG0637', '2017-08-24 14:05:00', '2017-08-24 15:05:00', 'SVO', 'KVX', 'Scheduled', 'SU9', NULL, NULL);
INSERT INTO flights VALUES ('7472', 'PG0505', '2017-08-28 11:40:00', '2017-08-28 13:10:00', 'SVO', 'KGD', 'Scheduled', '733', NULL, NULL);
INSERT INTO flights VALUES ('7678', 'PG0158', '2017-09-05 19:30:00', '2017-09-05 20:00:00', 'SVO', 'BZK', 'Scheduled', 'SU9', NULL, NULL);
INSERT INTO flights VALUES ('7722', 'PG0224', '2017-08-17 17:05:00', '2017-08-17 18:50:00', 'SVO', 'AER', 'Scheduled', '773', NULL, NULL);
INSERT INTO flights VALUES ('7737', 'PG0224', '2017-07-28 17:05:00', '2017-07-28 18:50:00', 'SVO', 'AER', 'Arrived', '773', '2017-07-28 17:08:00', '2017-07-28 18:54:00');
INSERT INTO flights VALUES ('7738', 'PG0224', '2017-08-11 17:05:00', '2017-08-11 18:50:00', 'SVO', 'AER', 'Arrived', '773', '2017-08-11 17:07:00', '2017-08-11 18:52:00');
INSERT INTO flights VALUES ('7739', 'PG0224', '2017-08-06 17:05:00', '2017-08-06 18:50:00', 'SVO', 'AER', 'Arrived', '773', '2017-08-06 17:08:00', '2017-08-06 18:55:00');
INSERT INTO flights VALUES ('7742', 'PG0224', '2017-08-25 17:05:00', '2017-08-25 18:50:00', 'SVO', 'AER', 'Scheduled', '773', NULL, NULL);
INSERT INTO flights VALUES ('7754', 'PG0224', '2017-08-27 17:05:00', '2017-08-27 18:50:00', 'SVO', 'AER', 'Scheduled', '773', NULL, NULL);
INSERT INTO flights VALUES ('7766', 'PG0224', '2017-07-26 17:05:00', '2017-07-26 18:50:00', 'SVO', 'AER', 'Arrived', '773', '2017-07-26 17:10:00', '2017-07-26 18:55:00');
INSERT INTO flights VALUES ('7947', 'PG0408', '2017-07-17 11:55:00', '2017-07-17 12:50:00', 'LED', 'DME', 'Arrived', '321', '2017-07-17 11:57:00', '2017-07-17 12:52:00');
INSERT INTO flights VALUES ('8227', 'PG0231', '2017-09-02 17:20:00', '2017-09-02 18:10:00', 'LED', 'VKO', 'Scheduled', '321', NULL, NULL);
INSERT INTO flights VALUES ('8277', 'PG0230', '2017-08-20 10:20:00', '2017-08-20 11:10:00', 'LED', 'VKO', 'Scheduled', '321', NULL, NULL);
INSERT INTO flights VALUES ('8290', 'PG0231', '2017-08-20 17:20:00', '2017-08-20 18:10:00', 'LED', 'VKO', 'Scheduled', '321', NULL, NULL);
INSERT INTO flights VALUES ('8455', 'PG0476', '2017-07-22 09:45:00', '2017-07-22 10:35:00', 'LED', 'SVO', 'Arrived', '321', '2017-07-22 09:47:00', '2017-07-22 10:37:00');
INSERT INTO flights VALUES ('8495', 'PG0474', '2017-08-04 15:40:00', '2017-08-04 16:30:00', 'LED', 'SVO', 'Arrived', '321', '2017-08-04 15:42:00', '2017-08-04 16:32:00');
INSERT INTO flights VALUES ('8555', 'PG0476', '2017-08-15 09:45:00', '2017-08-15 10:35:00', 'LED', 'SVO', 'Arrived', '321', '2017-08-15 09:46:00', '2017-08-15 10:36:00');
INSERT INTO flights VALUES ('8612', 'PG0474', '2017-09-01 15:40:00', '2017-09-01 16:30:00', 'LED', 'SVO', 'Scheduled', '321', NULL, NULL);
INSERT INTO flights VALUES ('9269', 'PG0198', '2017-08-11 09:10:00', '2017-08-11 15:00:00', 'LED', 'IKT', 'Arrived', '321', '2017-08-11 09:14:00', '2017-08-11 15:08:00');
INSERT INTO flights VALUES ('9331', 'PG0356', '2017-08-24 19:10:00', '2017-08-25 03:15:00', 'LED', 'KHV', 'Scheduled', '763', NULL, NULL);
INSERT INTO flights VALUES ('9354', 'PG0356', '2017-08-02 19:10:00', '2017-08-03 03:15:00', 'LED', 'KHV', 'Arrived', '763', '2017-08-02 19:13:00', '2017-08-03 03:16:00');
INSERT INTO flights VALUES ('9367', 'PG0356', '2017-08-25 19:10:00', '2017-08-26 03:15:00', 'LED', 'KHV', 'Scheduled', '763', NULL, NULL);
INSERT INTO flights VALUES ('9616', 'PG0488', '2017-07-27 13:30:00', '2017-07-27 14:55:00', 'LED', 'CSY', 'Arrived', 'SU9', '2017-07-27 13:31:00', '2017-07-27 14:56:00');
INSERT INTO flights VALUES ('9825', 'PG0223', '2017-07-26 11:50:00', '2017-07-26 15:15:00', 'OVB', 'DME', 'Arrived', '773', '2017-07-26 11:51:00', '2017-07-26 15:17:00');
INSERT INTO flights VALUES ('9891', 'PG0278', '2017-07-16 14:20:00', '2017-07-16 17:45:00', 'OVB', 'SVO', 'Arrived', '773', '2017-07-16 18:36:00', '2017-07-16 21:59:00');
INSERT INTO flights VALUES ('9898', 'PG0278', '2017-08-29 14:20:00', '2017-08-29 17:45:00', 'OVB', 'SVO', 'Scheduled', '773', NULL, NULL);
INSERT INTO flights VALUES ('10560', 'PG0296', '2017-07-23 13:15:00', '2017-07-23 13:40:00', 'OVB', 'NOZ', 'Arrived', 'SU9', '2017-07-23 13:16:00', '2017-07-23 13:41:00');
INSERT INTO flights VALUES ('10896', 'PG0226', '2017-08-10 08:10:00', '2017-08-10 09:55:00', 'SVX', 'SVO', 'Arrived', '773', '2017-08-10 08:13:00', '2017-08-10 09:56:00');
INSERT INTO flights VALUES ('10924', 'PG0226', '2017-07-28 08:10:00', '2017-07-28 09:55:00', 'SVX', 'SVO', 'Arrived', '773', '2017-07-28 08:13:00', '2017-07-28 09:59:00');
INSERT INTO flights VALUES ('10925', 'PG0226', '2017-08-17 08:10:00', '2017-08-17 09:55:00', 'SVX', 'SVO', 'Scheduled', '773', NULL, NULL);
INSERT INTO flights VALUES ('10928', 'PG0226', '2017-07-17 08:10:00', '2017-07-17 09:55:00', 'SVX', 'SVO', 'Arrived', '773', '2017-07-17 08:13:00', '2017-07-17 09:59:00');
INSERT INTO flights VALUES ('10943', 'PG0588', '2017-09-02 08:50:00', '2017-09-02 09:15:00', 'SVX', 'PEE', 'Scheduled', 'SU9', NULL, NULL);
INSERT INTO flights VALUES ('11096', 'PG0569', '2017-07-23 15:05:00', '2017-07-23 16:10:00', 'SVX', 'SCW', 'Arrived', '733', '2017-07-23 15:08:00', '2017-07-23 16:12:00');
INSERT INTO flights VALUES ('11238', 'PG0378', '2017-09-07 11:40:00', '2017-09-07 14:15:00', 'SVX', 'NSK', 'Scheduled', 'SU9', NULL, NULL);
INSERT INTO flights VALUES ('11368', 'PG0599', '2017-09-11 15:55:00', '2017-09-11 16:50:00', 'SVX', 'HMA', 'Scheduled', 'SU9', NULL, NULL);
INSERT INTO flights VALUES ('11516', 'PG0303', '2017-08-29 11:30:00', '2017-08-29 12:40:00', 'SVX', 'SGC', 'Scheduled', 'SU9', NULL, NULL);
INSERT INTO flights VALUES ('11924', 'PG0039', '2017-09-02 17:25:00', '2017-09-02 17:50:00', 'KZN', 'KVX', 'Scheduled', 'SU9', NULL, NULL);
INSERT INTO flights VALUES ('12034', 'PG0274', '2017-08-02 15:50:00', '2017-08-02 17:50:00', 'CEK', 'DME', 'Arrived', 'SU9', '2017-08-02 15:53:00', '2017-08-02 17:52:00');
INSERT INTO flights VALUES ('12084', 'PG0274', '2017-08-12 15:50:00', '2017-08-12 17:50:00', 'CEK', 'DME', 'Arrived', 'SU9', '2017-08-12 15:52:00', '2017-08-12 17:53:00');
INSERT INTO flights VALUES ('12505', 'PG0504', '2017-09-01 15:20:00', '2017-09-01 18:20:00', 'OMS', 'SVO', 'Scheduled', 'SU9', NULL, NULL);
INSERT INTO flights VALUES ('12609', 'PG0478', '2017-07-28 15:55:00', '2017-07-28 18:00:00', 'OMS', 'VKT', 'Arrived', 'CR2', '2017-07-28 15:57:00', '2017-07-28 18:02:00');
INSERT INTO flights VALUES ('12649', 'PG0217', '2017-07-26 10:40:00', '2017-07-26 11:45:00', 'KUF', 'DME', 'Arrived', '763', '2017-07-26 10:42:00', '2017-07-26 11:48:00');
INSERT INTO flights VALUES ('12668', 'PG0217', '2017-08-04 10:40:00', '2017-08-04 11:45:00', 'KUF', 'DME', 'Arrived', '763', '2017-08-04 10:42:00', '2017-08-04 11:46:00');
INSERT INTO flights VALUES ('12819', 'PG0521', '2017-09-02 09:50:00', '2017-09-02 11:40:00', 'KUF', 'AER', 'Scheduled', '733', NULL, NULL);
INSERT INTO flights VALUES ('12824', 'PG0521', '2017-08-02 09:50:00', '2017-08-02 11:40:00', 'KUF', 'AER', 'Arrived', '733', '2017-08-02 09:53:00', '2017-08-02 11:42:00');
INSERT INTO flights VALUES ('12987', 'PG0318', '2017-08-21 15:00:00', '2017-08-21 16:20:00', 'ROV', 'SVO', 'Scheduled', '733', NULL, NULL);
INSERT INTO flights VALUES ('13136', 'PG0307', '2017-08-31 16:00:00', '2017-08-31 16:30:00', 'ROV', 'VOG', 'Scheduled', 'SU9', NULL, NULL);
INSERT INTO flights VALUES ('13462', 'PG0530', '2017-09-04 10:30:00', '2017-09-04 12:00:00', 'UFA', 'SVO', 'Scheduled', '763', NULL, NULL);
INSERT INTO flights VALUES ('13490', 'PG0530', '2017-09-01 10:30:00', '2017-09-01 12:00:00', 'UFA', 'SVO', 'Scheduled', '763', NULL, NULL);
INSERT INTO flights VALUES ('13840', 'PG0548', '2017-08-07 08:40:00', '2017-08-07 13:05:00', 'KJA', 'SVO', 'Arrived', '319', '2017-08-07 08:46:00', '2017-08-07 13:12:00');
INSERT INTO flights VALUES ('14202', 'PG0689', '2017-08-21 07:25:00', '2017-08-21 09:45:00', 'KJA', 'OVS', 'Scheduled', 'SU9', NULL, NULL);
INSERT INTO flights VALUES ('14484', 'PG0673', '2017-08-23 09:10:00', '2017-08-23 11:35:00', 'KJA', 'KRO', 'Scheduled', 'CR2', NULL, NULL);
INSERT INTO flights VALUES ('14523', 'PG0673', '2017-07-25 09:10:00', '2017-07-25 11:35:00', 'KJA', 'KRO', 'Arrived', 'CR2', '2017-07-25 09:11:00', '2017-07-25 11:35:00');
INSERT INTO flights VALUES ('14560', 'PG0413', '2017-09-02 18:55:00', '2017-09-02 20:20:00', 'PEE', 'VKO', 'Scheduled', '773', NULL, NULL);
INSERT INTO flights VALUES ('14753', 'PG0589', '2017-08-28 15:30:00', '2017-08-28 15:55:00', 'PEE', 'SVX', 'Scheduled', 'SU9', NULL, NULL);
INSERT INTO flights VALUES ('15324', 'PG0397', '2017-08-31 19:10:00', '2017-08-31 20:20:00', 'VOG', 'VKO', 'Scheduled', 'SU9', NULL, NULL);
INSERT INTO flights VALUES ('15465', 'PG0308', '2017-08-21 15:35:00', '2017-08-21 16:05:00', 'VOG', 'ROV', 'Scheduled', 'SU9', NULL, NULL);
INSERT INTO flights VALUES ('16562', 'PG0369', '2017-08-24 07:30:00', '2017-08-24 10:45:00', 'NJC', 'DME', 'Scheduled', 'CR2', NULL, NULL);
INSERT INTO flights VALUES ('17038', 'PG0518', '2017-07-24 15:30:00', '2017-07-24 16:50:00', 'SCW', 'DME', 'Arrived', '763', '2017-07-24 19:26:00', '2017-07-24 20:45:00');
INSERT INTO flights VALUES ('17082', 'PG0570', '2017-08-28 14:05:00', '2017-08-28 15:10:00', 'SCW', 'SVX', 'Scheduled', '733', NULL, NULL);
INSERT INTO flights VALUES ('17122', 'PG0570', '2017-07-30 14:05:00', '2017-07-30 15:10:00', 'SCW', 'SVX', 'Arrived', '733', '2017-07-30 14:09:00', '2017-07-30 15:14:00');
INSERT INTO flights VALUES ('17382', 'PG0511', '2017-09-12 12:50:00', '2017-09-12 14:50:00', 'NAL', 'GOJ', 'Scheduled', 'CR2', NULL, NULL);
INSERT INTO flights VALUES ('17730', 'PG0253', '2017-08-04 18:10:00', '2017-08-04 18:35:00', 'NBC', 'CSY', 'Arrived', 'CR2', '2017-08-04 18:13:00', '2017-08-04 18:38:00');
INSERT INTO flights VALUES ('17853', 'PG0115', '2017-08-03 10:45:00', '2017-08-03 11:35:00', 'BQS', 'KHV', 'Arrived', 'SU9', '2017-08-03 10:47:00', '2017-08-03 11:36:00');
INSERT INTO flights VALUES ('17861', 'PG0115', '2017-08-02 10:45:00', '2017-08-02 11:35:00', 'BQS', 'KHV', 'Arrived', 'SU9', '2017-08-02 10:47:00', '2017-08-02 11:37:00');
INSERT INTO flights VALUES ('18054', 'PG0704', '2017-08-04 10:45:00', '2017-08-04 19:30:00', 'UUS', 'SVO', 'Arrived', '319', '2017-08-04 10:46:00', '2017-08-04 19:40:00');
INSERT INTO flights VALUES ('18058', 'PG0704', '2017-07-24 10:45:00', '2017-07-24 19:30:00', 'UUS', 'SVO', 'Arrived', '319', '2017-07-24 10:47:00', '2017-07-24 19:26:00');
INSERT INTO flights VALUES ('18144', 'PG0399', '2017-07-24 08:40:00', '2017-07-24 10:35:00', 'UUS', 'KHV', 'Arrived', 'CN1', '2017-07-24 11:57:00', '2017-07-24 13:51:00');
INSERT INTO flights VALUES ('18545', 'PG0165', '2017-07-23 10:35:00', '2017-07-23 13:45:00', 'NUX', 'DME', 'Arrived', 'SU9', '2017-07-23 10:39:00', '2017-07-23 13:48:00');
INSERT INTO flights VALUES ('19296', 'PG0300', '2017-08-28 11:20:00', '2017-08-28 15:10:00', 'ESL', 'SVO', 'Scheduled', 'CN1', NULL, NULL);
INSERT INTO flights VALUES ('20111', 'PG0211', '2017-07-24 11:35:00', '2017-07-24 13:25:00', 'MRV', 'DME', 'Arrived', '733', '2017-07-24 11:38:00', '2017-07-24 13:28:00');
INSERT INTO flights VALUES ('20299', 'PG0150', '2017-07-31 13:20:00', '2017-07-31 13:50:00', 'MRV', 'MCX', 'Arrived', 'SU9', '2017-07-31 13:22:00', '2017-07-31 13:52:00');
INSERT INTO flights VALUES ('20355', 'PG0181', '2017-09-12 19:05:00', '2017-09-12 19:35:00', 'GOJ', 'SVO', 'Scheduled', 'SU9', NULL, NULL);
INSERT INTO flights VALUES ('20606', 'PG0512', '2017-08-30 12:55:00', '2017-08-30 14:55:00', 'GOJ', 'NAL', 'Scheduled', 'CR2', NULL, NULL);
INSERT INTO flights VALUES ('20881', 'PG0125', '2017-09-08 14:45:00', '2017-09-08 18:35:00', 'NSK', 'DME', 'Scheduled', 'SU9', NULL, NULL);
INSERT INTO flights VALUES ('20995', 'PG0252', '2017-07-27 13:05:00', '2017-07-27 14:45:00', 'AAQ', 'SVO', 'Arrived', '733', '2017-07-27 13:07:00', '2017-07-27 14:45:00');
INSERT INTO flights VALUES ('21003', 'PG0252', '2017-08-16 13:05:00', '2017-08-16 14:45:00', 'AAQ', 'SVO', 'On Time', '733', NULL, NULL);
INSERT INTO flights VALUES ('21053', 'PG0480', '2017-08-26 12:25:00', '2017-08-26 13:15:00', 'AAQ', 'EGO', 'Scheduled', 'SU9', NULL, NULL);
INSERT INTO flights VALUES ('21068', 'PG0480', '2017-07-28 12:25:00', '2017-07-28 13:15:00', 'AAQ', 'EGO', 'Arrived', 'SU9', '2017-07-28 12:30:00', '2017-07-28 13:20:00');
INSERT INTO flights VALUES ('21111', 'PG0480', '2017-08-22 12:25:00', '2017-08-22 13:15:00', 'AAQ', 'EGO', 'Scheduled', 'SU9', NULL, NULL);
INSERT INTO flights VALUES ('21355', 'PG0680', '2017-08-12 15:20:00', '2017-08-12 17:30:00', 'NNM', 'SVO', 'Arrived', 'CR2', '2017-08-12 15:21:00', '2017-08-12 17:30:00');
INSERT INTO flights VALUES ('21451', 'PG0257', '2017-07-31 14:15:00', '2017-07-31 15:10:00', 'NNM', 'ARH', 'Arrived', 'CR2', '2017-07-31 14:18:00', '2017-07-31 15:12:00');
INSERT INTO flights VALUES ('21716', 'PG0096', '2017-09-01 16:35:00', '2017-09-01 18:50:00', 'URJ', 'DME', 'Scheduled', 'SU9', NULL, NULL);
INSERT INTO flights VALUES ('21717', 'PG0096', '2017-08-06 16:35:00', '2017-08-06 18:50:00', 'URJ', 'DME', 'Arrived', 'SU9', '2017-08-06 16:37:00', '2017-08-06 18:50:00');
INSERT INTO flights VALUES ('21722', 'PG0096', '2017-08-25 16:35:00', '2017-08-25 18:50:00', 'URJ', 'DME', 'Scheduled', 'SU9', NULL, NULL);
INSERT INTO flights VALUES ('21725', 'PG0355', '2017-08-17 11:55:00', '2017-08-17 12:20:00', 'URJ', 'TJM', 'Scheduled', 'SU9', NULL, NULL);
INSERT INTO flights VALUES ('21733', 'PG0355', '2017-08-22 11:55:00', '2017-08-22 12:20:00', 'URJ', 'TJM', 'Scheduled', 'SU9', NULL, NULL);
INSERT INTO flights VALUES ('21764', 'PG0355', '2017-08-18 11:55:00', '2017-08-18 12:20:00', 'URJ', 'TJM', 'Scheduled', 'SU9', NULL, NULL);
INSERT INTO flights VALUES ('21841', 'PG0087', '2017-07-26 02:00:00', '2017-07-26 06:05:00', 'DYR', 'KHV', 'Arrived', '319', '2017-07-26 02:04:00', '2017-07-26 06:08:00');
INSERT INTO flights VALUES ('22015', 'PG0240', '2017-09-12 07:15:00', '2017-09-12 09:50:00', 'HMA', 'DME', 'Scheduled', 'SU9', NULL, NULL);
INSERT INTO flights VALUES ('22257', 'PG0600', '2017-09-01 12:50:00', '2017-09-01 13:45:00', 'HMA', 'SVX', 'Scheduled', 'SU9', NULL, NULL);
INSERT INTO flights VALUES ('22568', 'PG0543', '2017-08-22 07:45:00', '2017-08-22 09:55:00', 'OVS', 'DME', 'Scheduled', 'SU9', NULL, NULL);
INSERT INTO flights VALUES ('22859', 'PG0690', '2017-09-02 11:25:00', '2017-09-02 13:45:00', 'OVS', 'KJA', 'Scheduled', 'SU9', NULL, NULL);
INSERT INTO flights VALUES ('23114', 'PG0640', '2017-07-31 15:00:00', '2017-07-31 18:05:00', 'NYM', 'DME', 'Arrived', 'CR2', '2017-07-31 15:03:00', '2017-07-31 18:08:00');
INSERT INTO flights VALUES ('23178', 'PG0309', '2017-07-22 08:40:00', '2017-07-22 12:10:00', 'NYM', 'UUD', 'Arrived', 'CR2', '2017-07-22 08:45:00', '2017-07-22 12:15:00');
INSERT INTO flights VALUES ('23252', 'PG0290', '2017-07-29 15:15:00', '2017-07-29 18:00:00', 'VKT', 'DME', 'Arrived', 'CR2', '2017-07-29 15:21:00', '2017-07-29 18:05:00');
INSERT INTO flights VALUES ('23384', 'PG0479', '2017-08-08 09:00:00', '2017-08-08 11:05:00', 'VKT', 'OMS', 'Arrived', 'CR2', '2017-08-08 09:03:00', '2017-08-08 11:09:00');
INSERT INTO flights VALUES ('24086', 'PG0221', '2017-07-30 17:55:00', '2017-07-30 19:25:00', 'KRR', 'DME', 'Arrived', '763', '2017-07-30 18:00:00', '2017-07-30 19:30:00');
INSERT INTO flights VALUES ('24097', 'PG0221', '2017-08-29 17:55:00', '2017-08-29 19:25:00', 'KRR', 'DME', 'Scheduled', '763', NULL, NULL);
INSERT INTO flights VALUES ('24246', 'PG0364', '2017-08-12 11:45:00', '2017-08-12 13:20:00', 'KRR', 'ULV', 'Arrived', '763', '2017-08-12 11:46:00', '2017-08-12 13:20:00');
INSERT INTO flights VALUES ('24255', 'PG0364', '2017-08-20 11:45:00', '2017-08-20 13:20:00', 'KRR', 'ULV', 'Scheduled', '763', NULL, NULL);
INSERT INTO flights VALUES ('24281', 'PG0364', '2017-08-26 11:45:00', '2017-08-26 13:20:00', 'KRR', 'ULV', 'Scheduled', '763', NULL, NULL);
INSERT INTO flights VALUES ('24838', 'PG0014', '2017-08-25 07:30:00', '2017-08-25 07:55:00', 'TJM', 'URJ', 'Scheduled', 'SU9', NULL, NULL);
INSERT INTO flights VALUES ('24839', 'PG0014', '2017-08-06 07:30:00', '2017-08-06 07:55:00', 'TJM', 'URJ', 'Arrived', 'SU9', '2017-08-06 07:37:00', '2017-08-06 08:02:00');
INSERT INTO flights VALUES ('24845', 'PG0014', '2017-09-01 07:30:00', '2017-09-01 07:55:00', 'TJM', 'URJ', 'Scheduled', 'SU9', NULL, NULL);
INSERT INTO flights VALUES ('25232', 'PG0199', '2017-08-20 04:35:00', '2017-08-20 10:25:00', 'IKT', 'LED', 'Scheduled', '321', NULL, NULL);
INSERT INTO flights VALUES ('25670', 'PG0107', '2017-08-12 19:55:00', '2017-08-12 20:50:00', 'ULV', 'VKO', 'Arrived', 'SU9', '2017-08-12 19:57:00', '2017-08-12 20:52:00');
INSERT INTO flights VALUES ('25673', 'PG0107', '2017-08-20 19:55:00', '2017-08-20 20:50:00', 'ULV', 'VKO', 'Scheduled', 'SU9', NULL, NULL);
INSERT INTO flights VALUES ('25685', 'PG0107', '2017-08-17 19:55:00', '2017-08-17 20:50:00', 'ULV', 'VKO', 'Scheduled', 'SU9', NULL, NULL);
INSERT INTO flights VALUES ('25694', 'PG0107', '2017-08-26 19:55:00', '2017-08-26 20:50:00', 'ULV', 'VKO', 'Scheduled', 'SU9', NULL, NULL);
INSERT INTO flights VALUES ('25908', 'PG0365', '2017-08-05 15:05:00', '2017-08-05 16:40:00', 'ULV', 'KRR', 'Arrived', '763', '2017-08-05 15:06:00', '2017-08-05 16:41:00');
INSERT INTO flights VALUES ('25923', 'PG0365', '2017-08-19 15:05:00', '2017-08-19 16:40:00', 'ULV', 'KRR', 'Scheduled', '763', NULL, NULL);
INSERT INTO flights VALUES ('25949', 'PG0365', '2017-08-12 15:05:00', '2017-08-12 16:40:00', 'ULV', 'KRR', 'Arrived', '763', '2017-08-12 15:06:00', '2017-08-12 16:41:00');
INSERT INTO flights VALUES ('26014', 'PG0284', '2017-07-26 19:00:00', '2017-07-26 20:05:00', 'ULY', 'SVO', 'Arrived', 'CR2', '2017-07-26 19:03:00', '2017-07-26 20:08:00');
INSERT INTO flights VALUES ('26194', 'PG0209', '2017-08-13 12:55:00', '2017-08-13 20:55:00', 'KHV', 'DME', 'Arrived', '763', '2017-08-13 13:01:00', '2017-08-13 21:04:00');
INSERT INTO flights VALUES ('26252', 'PG0357', '2017-08-12 05:05:00', '2017-08-12 13:10:00', 'KHV', 'LED', 'Arrived', '763', '2017-08-12 05:11:00', '2017-08-12 13:17:00');
INSERT INTO flights VALUES ('26264', 'PG0357', '2017-09-02 05:05:00', '2017-09-02 13:10:00', 'KHV', 'LED', 'Scheduled', '763', NULL, NULL);
INSERT INTO flights VALUES ('26266', 'PG0357', '2017-09-01 05:05:00', '2017-09-01 13:10:00', 'KHV', 'LED', 'Scheduled', '763', NULL, NULL);
INSERT INTO flights VALUES ('26270', 'PG0357', '2017-08-04 05:05:00', '2017-08-04 13:10:00', 'KHV', 'LED', 'Arrived', '763', '2017-08-04 05:06:00', '2017-08-04 13:03:00');
INSERT INTO flights VALUES ('26316', 'PG0116', '2017-07-25 06:15:00', '2017-07-25 07:05:00', 'KHV', 'BQS', 'Arrived', 'SU9', '2017-07-25 06:19:00', '2017-07-25 07:09:00');
INSERT INTO flights VALUES ('26326', 'PG0116', '2017-07-27 06:15:00', '2017-07-27 07:05:00', 'KHV', 'BQS', 'Arrived', 'SU9', '2017-07-27 06:19:00', '2017-07-27 07:08:00');
INSERT INTO flights VALUES ('26425', 'PG0401', '2017-08-03 07:40:00', '2017-08-03 09:35:00', 'KHV', 'UUS', 'Arrived', 'CN1', '2017-08-03 07:42:00', '2017-08-03 09:34:00');
INSERT INTO flights VALUES ('26516', 'PG0327', '2017-08-21 11:25:00', '2017-08-21 12:15:00', 'KHV', 'VVO', 'Scheduled', 'SU9', NULL, NULL);
INSERT INTO flights VALUES ('26730', 'PG0328', '2017-08-13 02:45:00', '2017-08-13 03:35:00', 'VVO', 'KHV', 'Arrived', 'SU9', '2017-08-13 02:48:00', '2017-08-13 03:37:00');
INSERT INTO flights VALUES ('26920', 'PG0678', '2017-08-01 14:30:00', '2017-08-01 16:45:00', 'MCX', 'SVO', 'Arrived', '733', '2017-08-01 14:33:00', '2017-08-01 16:51:00');
INSERT INTO flights VALUES ('26987', 'PG0151', '2017-07-24 14:00:00', '2017-07-24 14:30:00', 'MCX', 'MRV', 'Arrived', 'SU9', '2017-07-24 14:04:00', '2017-07-24 14:34:00');
INSERT INTO flights VALUES ('27026', 'PG0143', '2017-07-27 12:05:00', '2017-07-27 15:55:00', 'TOF', 'DME', 'Arrived', 'SU9', '2017-07-27 12:06:00', '2017-07-27 15:56:00');
INSERT INTO flights VALUES ('27331', 'PG0554', '2017-08-07 09:35:00', '2017-08-07 11:15:00', 'REN', 'VKO', 'Arrived', 'SU9', '2017-08-07 09:40:00', '2017-08-07 11:21:00');
INSERT INTO flights VALUES ('27765', 'PG0298', '2017-07-25 14:30:00', '2017-07-25 14:55:00', 'NOZ', 'OVB', 'Arrived', 'SU9', '2017-07-25 14:32:00', '2017-07-25 14:56:00');
INSERT INTO flights VALUES ('28562', 'PG0638', '2017-09-03 19:15:00', '2017-09-03 20:15:00', 'KVX', 'SVO', 'Scheduled', 'SU9', NULL, NULL);
INSERT INTO flights VALUES ('28716', 'PG0040', '2017-08-25 13:45:00', '2017-08-25 14:10:00', 'KVX', 'KZN', 'Scheduled', 'SU9', NULL, NULL);
INSERT INTO flights VALUES ('28975', 'PG0489', '2017-08-05 09:50:00', '2017-08-05 11:15:00', 'CSY', 'LED', 'Arrived', 'SU9', '2017-08-05 09:50:00', '2017-08-05 11:15:00');
INSERT INTO flights VALUES ('29117', 'PG0254', '2017-07-28 13:30:00', '2017-07-28 13:55:00', 'CSY', 'NBC', 'Arrived', 'CR2', '2017-07-28 13:31:00', '2017-07-28 13:56:00');
INSERT INTO flights VALUES ('29241', 'PG0506', '2017-09-05 12:00:00', '2017-09-05 13:30:00', 'KGD', 'SVO', 'Scheduled', '733', NULL, NULL);
INSERT INTO flights VALUES ('29483', 'PG0310', '2017-07-30 09:50:00', '2017-07-30 13:20:00', 'UUD', 'NYM', 'Arrived', 'CR2', '2017-07-30 09:55:00', '2017-07-30 13:25:00');
INSERT INTO flights VALUES ('30018', 'PG0387', '2017-07-29 17:05:00', '2017-07-29 17:35:00', 'BZK', 'DME', 'Arrived', 'SU9', '2017-07-29 17:13:00', '2017-07-29 17:43:00');
INSERT INTO flights VALUES ('30108', 'PG0237', '2017-08-24 09:20:00', '2017-08-24 09:45:00', 'BZK', 'VKO', 'Scheduled', 'SU9', NULL, NULL);
INSERT INTO flights VALUES ('30140', 'PG0237', '2017-09-06 09:20:00', '2017-09-06 09:45:00', 'BZK', 'VKO', 'Scheduled', 'SU9', NULL, NULL);
INSERT INTO flights VALUES ('30419', 'PG0163', '2017-08-27 15:15:00', '2017-08-27 15:45:00', 'BZK', 'SVO', 'Scheduled', 'SU9', NULL, NULL);
INSERT INTO flights VALUES ('30505', 'PG0649', '2017-08-11 15:35:00', '2017-08-11 16:00:00', 'BZK', 'EGO', 'Arrived', 'SU9', '2017-08-11 15:40:00', '2017-08-11 16:05:00');
INSERT INTO flights VALUES ('30539', 'PG0562', '2017-08-28 17:00:00', '2017-08-28 18:45:00', 'AER', 'VKO', 'Scheduled', '763', NULL, NULL);
INSERT INTO flights VALUES ('30575', 'PG0013', '2017-08-28 18:15:00', '2017-08-28 20:00:00', 'AER', 'SVO', 'Scheduled', '773', NULL, NULL);
INSERT INTO flights VALUES ('30588', 'PG0013', '2017-08-19 18:15:00', '2017-08-19 20:00:00', 'AER', 'SVO', 'Scheduled', '773', NULL, NULL);
INSERT INTO flights VALUES ('30596', 'PG0013', '2017-08-02 18:15:00', '2017-08-02 20:00:00', 'AER', 'SVO', 'Arrived', '773', '2017-08-02 18:19:00', '2017-08-02 20:04:00');
INSERT INTO flights VALUES ('30613', 'PG0013', '2017-09-02 18:15:00', '2017-09-02 20:00:00', 'AER', 'SVO', 'Scheduled', '773', NULL, NULL);
INSERT INTO flights VALUES ('30617', 'PG0013', '2017-08-16 18:15:00', '2017-08-16 20:00:00', 'AER', 'SVO', 'Scheduled', '773', NULL, NULL);
INSERT INTO flights VALUES ('30620', 'PG0013', '2017-08-09 18:15:00', '2017-08-09 20:00:00', 'AER', 'SVO', 'Arrived', '773', '2017-08-09 18:17:00', '2017-08-09 20:03:00');
INSERT INTO flights VALUES ('30624', 'PG0013', '2017-08-14 18:15:00', '2017-08-14 20:00:00', 'AER', 'SVO', 'Arrived', '773', '2017-08-14 18:19:00', '2017-08-14 20:05:00');
INSERT INTO flights VALUES ('30635', 'PG0013', '2017-09-03 18:15:00', '2017-09-03 20:00:00', 'AER', 'SVO', 'Scheduled', '773', NULL, NULL);
INSERT INTO flights VALUES ('30682', 'PG0522', '2017-08-28 14:10:00', '2017-08-28 16:00:00', 'AER', 'KUF', 'Scheduled', '733', NULL, NULL);
INSERT INTO flights VALUES ('30695', 'PG0522', '2017-07-27 14:10:00', '2017-07-27 16:00:00', 'AER', 'KUF', 'Arrived', '733', '2017-07-27 14:12:00', '2017-07-27 16:02:00');
INSERT INTO flights VALUES ('31110', 'PG0119', '2017-08-26 15:30:00', '2017-08-26 16:15:00', 'EGO', 'DME', 'Scheduled', 'SU9', NULL, NULL);
INSERT INTO flights VALUES ('31128', 'PG0119', '2017-07-28 15:30:00', '2017-07-28 16:15:00', 'EGO', 'DME', 'Arrived', 'SU9', '2017-07-28 15:32:00', '2017-07-28 16:17:00');
INSERT INTO flights VALUES ('31239', 'PG0481', '2017-08-12 13:00:00', '2017-08-12 13:50:00', 'EGO', 'AAQ', 'Arrived', 'SU9', '2017-08-12 13:04:00', '2017-08-12 13:54:00');
INSERT INTO flights VALUES ('31265', 'PG0481', '2017-07-20 13:00:00', '2017-07-20 13:50:00', 'EGO', 'AAQ', 'Arrived', 'SU9', '2017-07-20 13:03:00', '2017-07-20 13:53:00');
INSERT INTO flights VALUES ('31278', 'PG0481', '2017-08-20 13:00:00', '2017-08-20 13:50:00', 'EGO', 'AAQ', 'Scheduled', 'SU9', NULL, NULL);
INSERT INTO flights VALUES ('31327', 'PG0650', '2017-08-23 13:35:00', '2017-08-23 14:00:00', 'EGO', 'BZK', 'Scheduled', 'SU9', NULL, NULL);
INSERT INTO flights VALUES ('31663', 'PG0258', '2017-08-12 11:55:00', '2017-08-12 12:50:00', 'ARH', 'NNM', 'Arrived', 'CR2', '2017-08-12 11:58:00', '2017-08-12 12:53:00');
INSERT INTO flights VALUES ('31887', 'PG0304', '2017-09-01 14:45:00', '2017-09-01 15:55:00', 'SGC', 'SVX', 'Scheduled', 'SU9', NULL, NULL);
INSERT INTO flights VALUES ('32587', 'PG0670', '2017-08-23 14:25:00', '2017-08-23 16:55:00', 'KRO', 'VKO', 'Scheduled', 'CR2', NULL, NULL);
INSERT INTO flights VALUES ('32591', 'PG0670', '2017-07-25 14:25:00', '2017-07-25 16:55:00', 'KRO', 'VKO', 'Arrived', 'CR2', '2017-07-25 14:29:00', '2017-07-25 17:02:00');
INSERT INTO flights VALUES ('32675', 'PG0674', '2017-07-18 09:35:00', '2017-07-18 12:00:00', 'KRO', 'KJA', 'Arrived', 'CR2', '2017-07-18 09:38:00', '2017-07-18 12:05:00');
INSERT INTO flights VALUES ('32695', 'PG0674', '2017-08-18 09:35:00', '2017-08-18 12:00:00', 'KRO', 'KJA', 'Scheduled', 'CR2', NULL, NULL);
INSERT INTO flights VALUES ('326951', 'PG0239', '2017-08-28 09:05:00', '2017-08-28 11:40:00', 'KRO', 'HMA', 'Cancelled', 'CR2', NULL, NULL);
INSERT INTO flights VALUES ('326952', 'PG0674', '2017-09-24 10:05:00', '2017-09-24 12:40:00', 'DME', 'KRO', 'Cancelled', 'SU9', NULL, NULL);
INSERT INTO flights VALUES ('326953', 'PG0258', '2017-10-12 11:05:00', '2017-10-12 13:40:00', 'ARH', 'SVO', 'Cancelled', 'SU9', NULL, NULL);
INSERT INTO flights VALUES ('326954', 'PG0674', '2017-11-11 14:05:00', '2017-11-11 16:40:00', 'DME', 'HMA', 'Cancelled', 'CR2', NULL, NULL);
INSERT INTO flights VALUES ('326955', 'PG0258', '2017-02-21 10:05:00', '2017-02-21 12:40:00', 'DME', 'HMA', 'Cancelled', 'SU9', NULL, NULL);
INSERT INTO flights VALUES ('326956', 'PG0674', '2017-06-18 14:05:00', '2017-06-18 18:40:00', 'DME', 'ARH', 'Cancelled', 'SU9', NULL, NULL);
INSERT INTO flights VALUES ('326957', 'PG0239', '2017-05-16 10:05:00', '2017-05-16 12:40:00', 'SGC', 'SVO', 'Cancelled', 'SU9', NULL, NULL);
INSERT INTO flights VALUES ('326958', 'PG0258', '2017-04-15 09:05:00', '2017-04-15 13:40:00', 'DME', 'HMA', 'Cancelled', '773', NULL, NULL);
INSERT INTO flights VALUES ('326959', 'PG0239', '2017-09-23 09:05:00', '2017-09-23 12:40:00', 'DME', 'SGC', 'Cancelled', 'SU9', NULL, NULL);
INSERT INTO flights VALUES ('326960', 'PG0674', '2017-05-28 13:05:00', '2017-05-28 17:40:00', 'KJA', 'HMA', 'Cancelled', 'SU9', NULL, NULL);
INSERT INTO flights VALUES ('326961', 'PG0239', '2017-02-06 18:05:00', '2017-02-06 21:40:00', 'VKO', 'KJA', 'Cancelled', 'SU9', NULL, NULL);
INSERT INTO flights VALUES ('326962', 'PG0258', '2017-06-04 20:05:00', '2017-06-04 23:40:00', 'VKO', 'HMA', 'Cancelled', '773', NULL, NULL);
INSERT INTO flights VALUES ('326963', 'PG0239', '2017-04-12 18:05:00', '2017-04-12 21:40:00', 'DME', 'HMA', 'Cancelled', 'SU9', NULL, NULL);
INSERT INTO flights VALUES ('326964', 'PG0674', '2017-08-17 17:05:00', '2017-08-17 19:40:00', 'SVO', 'HMA', 'Cancelled', '763', NULL, NULL);
INSERT INTO flights VALUES ('326965', 'PG0258', '2017-08-22 12:05:00', '2017-08-22 16:40:00', 'KRO', 'VKO', 'Cancelled', '763', NULL, NULL);
INSERT INTO flights VALUES ('326966', 'PG0674', '2017-08-23 09:05:00', '2017-08-23 11:40:00', 'KRO', 'VKO', 'Cancelled', '773', NULL, NULL);
INSERT INTO flights VALUES ('326967', 'PG0239', '2017-06-21 08:05:00', '2017-06-21 12:40:00', 'KRO', 'HMA', 'Delayed', 'SU9', NULL, NULL);
INSERT INTO flights VALUES ('326968', 'PG0239', '2017-08-22 09:05:00', '2017-08-22 13:40:00', 'DME', 'KRO', 'Delayed', 'SU9', NULL, NULL);
INSERT INTO ticket_flights VALUES ('0005435372110', '9891', 'Comfort', '47600.00');
INSERT INTO ticket_flights VALUES ('0005435838975', '5995', 'Economy', '66400.00');
INSERT INTO ticket_flights VALUES ('0005435423700', '10928', 'Economy', '14400.00');
INSERT INTO ticket_flights VALUES ('0005433101280', '7947', 'Economy', '6700.00');
INSERT INTO ticket_flights VALUES ('0005433867776', '4766', 'Economy', '17600.00');
INSERT INTO ticket_flights VALUES ('0005435706114', '2450', 'Economy', '28900.00');
INSERT INTO ticket_flights VALUES ('0005435706115', '2450', 'Economy', '28900.00');
INSERT INTO ticket_flights VALUES ('0005433867776', '32675', 'Economy', '16800.00');
INSERT INTO ticket_flights VALUES ('0005432328074', '3129', 'Economy', '5400.00');
INSERT INTO ticket_flights VALUES ('0005432359741', '6365', 'Economy', '12200.00');
INSERT INTO ticket_flights VALUES ('0005435790266', '6991', 'Economy', '7400.00');
INSERT INTO ticket_flights VALUES ('0005435790267', '6991', 'Economy', '7400.00');
INSERT INTO ticket_flights VALUES ('0005432328074', '31265', 'Economy', '6300.00');
INSERT INTO ticket_flights VALUES ('0005434022884', '443', 'Economy', '8200.00');
INSERT INTO ticket_flights VALUES ('0005434022883', '443', 'Economy', '8200.00');
INSERT INTO ticket_flights VALUES ('0005432706449', '2957', 'Economy', '3400.00');
INSERT INTO ticket_flights VALUES ('0005432706450', '2957', 'Economy', '3400.00');
INSERT INTO ticket_flights VALUES ('0005435808109', '1942', 'Economy', '21700.00');
INSERT INTO ticket_flights VALUES ('0005434550606', '266', 'Economy', '27900.00');
INSERT INTO ticket_flights VALUES ('0005434550605', '266', 'Economy', '27900.00');
INSERT INTO ticket_flights VALUES ('0005432663023', '6492', 'Economy', '61800.00');
INSERT INTO ticket_flights VALUES ('0005435372110', '5297', 'Economy', '28000.00');
INSERT INTO ticket_flights VALUES ('0005435808109', '23178', 'Economy', '24700.00');
INSERT INTO ticket_flights VALUES ('0005432034629', '8455', 'Business', '18000.00');
INSERT INTO ticket_flights VALUES ('0005432034627', '8455', 'Economy', '6000.00');
INSERT INTO ticket_flights VALUES ('0005432034628', '8455', 'Economy', '6000.00');
INSERT INTO ticket_flights VALUES ('0005433192919', '18545', 'Business', '70400.00');
INSERT INTO ticket_flights VALUES ('0005433192917', '18545', 'Economy', '23500.00');
INSERT INTO ticket_flights VALUES ('0005433192918', '18545', 'Economy', '23500.00');
INSERT INTO ticket_flights VALUES ('0005434550606', '10560', 'Business', '9100.00');
INSERT INTO ticket_flights VALUES ('0005434550605', '10560', 'Economy', '3000.00');
INSERT INTO ticket_flights VALUES ('0005433342103', '11096', 'Business', '23600.00');
INSERT INTO ticket_flights VALUES ('0005433342102', '11096', 'Economy', '7900.00');
INSERT INTO ticket_flights VALUES ('0005432660797', '6019', 'Economy', '66400.00');
INSERT INTO ticket_flights VALUES ('0005434407173', '26987', 'Business', '12000.00');
INSERT INTO ticket_flights VALUES ('0005434407174', '26987', 'Economy', '4000.00');
INSERT INTO ticket_flights VALUES ('0005433151107', '20111', 'Economy', '13000.00');
INSERT INTO ticket_flights VALUES ('0005435423700', '5359', 'Economy', '14400.00');
INSERT INTO ticket_flights VALUES ('0005432660797', '18144', 'Economy', '5900.00');
INSERT INTO ticket_flights VALUES ('0005433101280', '130', 'Business', '20000.00');
INSERT INTO ticket_flights VALUES ('0005433342103', '17038', 'Economy', '10200.00');
INSERT INTO ticket_flights VALUES ('0005433342102', '17038', 'Economy', '10200.00');
INSERT INTO ticket_flights VALUES ('0005434407173', '7064', 'Economy', '16400.00');
INSERT INTO ticket_flights VALUES ('0005434407174', '7064', 'Economy', '16400.00');
INSERT INTO ticket_flights VALUES ('0005435838975', '18058', 'Business', '199300.00');
INSERT INTO ticket_flights VALUES ('0005432660797', '26316', 'Economy', '6000.00');
INSERT INTO ticket_flights VALUES ('0005434550606', '27765', 'Economy', '3000.00');
INSERT INTO ticket_flights VALUES ('0005434550605', '27765', 'Economy', '3000.00');
INSERT INTO ticket_flights VALUES ('0005433867776', '32591', 'Economy', '17600.00');
INSERT INTO ticket_flights VALUES ('0005433867776', '14523', 'Economy', '16800.00');
INSERT INTO ticket_flights VALUES ('0005432663023', '21841', 'Economy', '30700.00');
INSERT INTO ticket_flights VALUES ('0005434023206', '435', 'Business', '24500.00');
INSERT INTO ticket_flights VALUES ('0005434023207', '435', 'Economy', '8200.00');
INSERT INTO ticket_flights VALUES ('0005434022883', '12649', 'Economy', '8200.00');
INSERT INTO ticket_flights VALUES ('0005434022884', '12649', 'Economy', '8200.00');
INSERT INTO ticket_flights VALUES ('0005434550606', '9825', 'Comfort', '47400.00');
INSERT INTO ticket_flights VALUES ('0005434550605', '9825', 'Economy', '27900.00');
INSERT INTO ticket_flights VALUES ('0005434067064', '7766', 'Business', '42100.00');
INSERT INTO ticket_flights VALUES ('0005434067063', '7766', 'Economy', '14000.00');
INSERT INTO ticket_flights VALUES ('0005435790266', '26014', 'Economy', '7400.00');
INSERT INTO ticket_flights VALUES ('0005435790267', '26014', 'Economy', '7400.00');
INSERT INTO ticket_flights VALUES ('0005432663023', '26326', 'Economy', '6000.00');
INSERT INTO ticket_flights VALUES ('0005435706114', '27026', 'Business', '86800.00');
INSERT INTO ticket_flights VALUES ('0005435706115', '27026', 'Economy', '28900.00');
INSERT INTO ticket_flights VALUES ('0005432359741', '20995', 'Economy', '12200.00');
INSERT INTO ticket_flights VALUES ('0005434448294', '9616', 'Economy', '10900.00');
INSERT INTO ticket_flights VALUES ('0005434448293', '9616', 'Economy', '10900.00');
INSERT INTO ticket_flights VALUES ('0005434067064', '30695', 'Economy', '13400.00');
INSERT INTO ticket_flights VALUES ('0005434067063', '30695', 'Economy', '13400.00');
INSERT INTO ticket_flights VALUES ('0005432328074', '31128', 'Economy', '5400.00');
INSERT INTO ticket_flights VALUES ('0005432527326', '7737', 'Economy', '14000.00');
INSERT INTO ticket_flights VALUES ('0005435424469', '10924', 'Economy', '15800.00');
INSERT INTO ticket_flights VALUES ('0005435424470', '10924', 'Economy', '14400.00');
INSERT INTO ticket_flights VALUES ('0005434448294', '29117', 'Economy', '3100.00');
INSERT INTO ticket_flights VALUES ('0005434448293', '29117', 'Economy', '3100.00');
INSERT INTO ticket_flights VALUES ('0005433202287', '12609', 'Economy', '14800.00');
INSERT INTO ticket_flights VALUES ('0005432328074', '21068', 'Economy', '6300.00');
INSERT INTO ticket_flights VALUES ('0005432081476', '5575', 'Economy', '33300.00');
INSERT INTO ticket_flights VALUES ('0005432081477', '5575', 'Economy', '33300.00');
INSERT INTO ticket_flights VALUES ('0005433202287', '23252', 'Economy', '19000.00');
INSERT INTO ticket_flights VALUES ('0005432706449', '30018', 'Economy', '3800.00');
INSERT INTO ticket_flights VALUES ('0005432706450', '30018', 'Economy', '3400.00');
INSERT INTO ticket_flights VALUES ('0005433846486', '5552', 'Economy', '33300.00');
INSERT INTO ticket_flights VALUES ('0005433036154', '24086', 'Economy', '11600.00');
INSERT INTO ticket_flights VALUES ('0005433036155', '24086', 'Economy', '11600.00');
INSERT INTO ticket_flights VALUES ('0005433036153', '24086', 'Economy', '11600.00');
INSERT INTO ticket_flights VALUES ('0005435808109', '29483', 'Economy', '24700.00');
INSERT INTO ticket_flights VALUES ('0005433342102', '1045', 'Business', '30600.00');
INSERT INTO ticket_flights VALUES ('0005433342103', '1045', 'Economy', '11200.00');
INSERT INTO ticket_flights VALUES ('0005434993985', '4298', 'Economy', '12700.00');
INSERT INTO ticket_flights VALUES ('0005433342102', '17122', 'Economy', '7900.00');
INSERT INTO ticket_flights VALUES ('0005433342103', '17122', 'Economy', '7900.00');
INSERT INTO ticket_flights VALUES ('0005432604244', '6441', 'Economy', '15000.00');
INSERT INTO ticket_flights VALUES ('0005434407174', '20299', 'Economy', '4000.00');
INSERT INTO ticket_flights VALUES ('0005434407173', '20299', 'Economy', '4000.00');
INSERT INTO ticket_flights VALUES ('0005432604244', '21451', 'Economy', '6600.00');
INSERT INTO ticket_flights VALUES ('0005435808109', '23114', 'Economy', '21700.00');
INSERT INTO ticket_flights VALUES ('0005434407173', '26920', 'Economy', '16400.00');
INSERT INTO ticket_flights VALUES ('0005434407174', '26920', 'Economy', '16400.00');
INSERT INTO ticket_flights VALUES ('0005434067064', '30596', 'Economy', '14000.00');
INSERT INTO ticket_flights VALUES ('0005434067063', '30596', 'Economy', '14000.00');
INSERT INTO ticket_flights VALUES ('0005432660797', '17861', 'Business', '18000.00');
INSERT INTO ticket_flights VALUES ('0005433192919', '1375', 'Business', '70400.00');
INSERT INTO ticket_flights VALUES ('0005433192917', '1375', 'Economy', '23500.00');
INSERT INTO ticket_flights VALUES ('0005433192918', '1375', 'Economy', '23500.00');
INSERT INTO ticket_flights VALUES ('0005432891016', '12034', 'Economy', '14800.00');
INSERT INTO ticket_flights VALUES ('0005432891015', '12034', 'Economy', '14800.00');
INSERT INTO ticket_flights VALUES ('0005433763203', '9354', 'Economy', '62100.00');
INSERT INTO ticket_flights VALUES ('0005434067063', '12824', 'Economy', '13400.00');
INSERT INTO ticket_flights VALUES ('0005434067064', '12824', 'Economy', '13400.00');
INSERT INTO ticket_flights VALUES ('0005432663023', '17853', 'Economy', '6000.00');
INSERT INTO ticket_flights VALUES ('0005432660797', '26425', 'Economy', '5900.00');
INSERT INTO ticket_flights VALUES ('0005433986060', '4157', 'Economy', '7200.00');
INSERT INTO ticket_flights VALUES ('0005433986059', '4157', 'Economy', '7200.00');
INSERT INTO ticket_flights VALUES ('0005433151107', '1498', 'Business', '38900.00');
INSERT INTO ticket_flights VALUES ('0005434023207', '12668', 'Business', '24500.00');
INSERT INTO ticket_flights VALUES ('0005434023206', '12668', 'Business', '24500.00');
INSERT INTO ticket_flights VALUES ('0005432133240', '5336', 'Comfort', '24400.00');
INSERT INTO ticket_flights VALUES ('0005432133238', '5336', 'Economy', '14400.00');
INSERT INTO ticket_flights VALUES ('0005432133239', '5336', 'Economy', '14400.00');
INSERT INTO ticket_flights VALUES ('0005434448293', '17730', 'Economy', '3400.00');
INSERT INTO ticket_flights VALUES ('0005434448294', '17730', 'Economy', '3100.00');
INSERT INTO ticket_flights VALUES ('0005432663023', '26270', 'Business', '186200.00');
INSERT INTO ticket_flights VALUES ('0005432663023', '8495', 'Economy', '6000.00');
INSERT INTO ticket_flights VALUES ('0005432660797', '18054', 'Economy', '66400.00');
INSERT INTO ticket_flights VALUES ('0005435424470', '5328', 'Economy', '14400.00');
INSERT INTO ticket_flights VALUES ('0005435424469', '5328', 'Economy', '14400.00');
INSERT INTO ticket_flights VALUES ('0005433986060', '25908', 'Business', '36400.00');
INSERT INTO ticket_flights VALUES ('0005433986059', '25908', 'Economy', '12100.00');
INSERT INTO ticket_flights VALUES ('0005434448293', '28975', 'Economy', '10900.00');
INSERT INTO ticket_flights VALUES ('0005434448294', '28975', 'Economy', '10900.00');
INSERT INTO ticket_flights VALUES ('0005433368030', '24839', 'Economy', '3300.00');
INSERT INTO ticket_flights VALUES ('0005433368031', '24839', 'Economy', '3300.00');
INSERT INTO ticket_flights VALUES ('0005433368030', '21717', 'Economy', '16700.00');
INSERT INTO ticket_flights VALUES ('0005433368031', '21717', 'Economy', '16700.00');
INSERT INTO ticket_flights VALUES ('0005432528534', '7739', 'Comfort', '23900.00');
INSERT INTO ticket_flights VALUES ('0005432528533', '7739', 'Economy', '14000.00');
INSERT INTO ticket_flights VALUES ('0005432747729', '391', 'Economy', '14800.00');
INSERT INTO ticket_flights VALUES ('0005433202287', '1967', 'Economy', '19000.00');
INSERT INTO ticket_flights VALUES ('0005433846486', '13840', 'Economy', '33300.00');
INSERT INTO ticket_flights VALUES ('0005434993985', '27331', 'Business', '38000.00');
INSERT INTO ticket_flights VALUES ('0005432891015', '385', 'Business', '44500.00');
INSERT INTO ticket_flights VALUES ('0005432891016', '385', 'Economy', '14800.00');
INSERT INTO ticket_flights VALUES ('0005433202287', '23384', 'Economy', '14800.00');
INSERT INTO ticket_flights VALUES ('0005432527326', '30620', 'Comfort', '23900.00');
INSERT INTO ticket_flights VALUES ('0005435614475', '5332', 'Economy', '14400.00');
INSERT INTO ticket_flights VALUES ('0005433036154', '2139', 'Economy', '11600.00');
INSERT INTO ticket_flights VALUES ('0005433036155', '2139', 'Economy', '11600.00');
INSERT INTO ticket_flights VALUES ('0005433036153', '2139', 'Economy', '11600.00');
INSERT INTO ticket_flights VALUES ('0005435425341', '10896', 'Economy', '14400.00');
INSERT INTO ticket_flights VALUES ('0005433634101', '3237', 'Economy', '6300.00');
INSERT INTO ticket_flights VALUES ('0005434480541', '957', 'Economy', '23100.00');
INSERT INTO ticket_flights VALUES ('0005434480542', '957', 'Economy', '23100.00');
INSERT INTO ticket_flights VALUES ('0005435788796', '4177', 'Economy', '7200.00');
INSERT INTO ticket_flights VALUES ('0005433986395', '4177', 'Economy', '7200.00');
INSERT INTO ticket_flights VALUES ('0005433634101', '9269', 'Economy', '44300.00');
INSERT INTO ticket_flights VALUES ('0005432529127', '7738', 'Economy', '14000.00');
INSERT INTO ticket_flights VALUES ('0005432383559', '4557', 'Economy', '3300.00');
INSERT INTO ticket_flights VALUES ('0005432383559', '30505', 'Economy', '3300.00');
INSERT INTO ticket_flights VALUES ('0005433986060', '25670', 'Business', '21500.00');
INSERT INTO ticket_flights VALUES ('0005433986059', '25670', 'Economy', '7200.00');
INSERT INTO ticket_flights VALUES ('0005432604244', '31663', 'Economy', '6600.00');
INSERT INTO ticket_flights VALUES ('0005432747729', '12084', 'Economy', '16300.00');
INSERT INTO ticket_flights VALUES ('0005433763203', '26252', 'Economy', '62100.00');
INSERT INTO ticket_flights VALUES ('0005433986059', '24246', 'Business', '36400.00');
INSERT INTO ticket_flights VALUES ('0005433986060', '24246', 'Economy', '12100.00');
INSERT INTO ticket_flights VALUES ('0005433986395', '25949', 'Economy', '12100.00');
INSERT INTO ticket_flights VALUES ('0005432383559', '31239', 'Economy', '6300.00');
INSERT INTO ticket_flights VALUES ('0005432604244', '21355', 'Economy', '15000.00');
INSERT INTO ticket_flights VALUES ('0005433435011', '26194', 'Economy', '61500.00');
INSERT INTO ticket_flights VALUES ('0005433435011', '26730', 'Economy', '6200.00');
INSERT INTO ticket_flights VALUES ('0005432262420', '114', 'Economy', '6700.00');
INSERT INTO ticket_flights VALUES ('0005432528533', '30624', 'Comfort', '23900.00');
INSERT INTO ticket_flights VALUES ('0005432528534', '30624', 'Economy', '14000.00');
INSERT INTO ticket_flights VALUES ('0005435286696', '8555', 'Economy', '6000.00');
INSERT INTO ticket_flights VALUES ('0005435214478', '30617', 'Economy', '14000.00');
INSERT INTO ticket_flights VALUES ('0005435653688', '1684', 'Economy', '16700.00');
INSERT INTO ticket_flights VALUES ('0005435177476', '21003', 'Economy', '12200.00');
INSERT INTO ticket_flights VALUES ('0005433368031', '1685', 'Economy', '16700.00');
INSERT INTO ticket_flights VALUES ('0005433368030', '1685', 'Economy', '16700.00');
INSERT INTO ticket_flights VALUES ('0005435788796', '25685', 'Business', '21500.00');
INSERT INTO ticket_flights VALUES ('0005432529998', '7722', 'Economy', '14000.00');
INSERT INTO ticket_flights VALUES ('0005435614475', '10925', 'Economy', '14400.00');
INSERT INTO ticket_flights VALUES ('0005435653688', '21725', 'Economy', '3600.00');
INSERT INTO ticket_flights VALUES ('0005433869065', '4780', 'Economy', '17600.00');
INSERT INTO ticket_flights VALUES ('0005433869064', '4780', 'Economy', '17600.00');
INSERT INTO ticket_flights VALUES ('0005433986734', '4153', 'Economy', '7200.00');
INSERT INTO ticket_flights VALUES ('0005433986733', '4153', 'Economy', '7200.00');
INSERT INTO ticket_flights VALUES ('0005435425341', '5347', 'Economy', '14400.00');
INSERT INTO ticket_flights VALUES ('0005433368031', '21764', 'Economy', '3300.00');
INSERT INTO ticket_flights VALUES ('0005433368030', '21764', 'Economy', '3300.00');
INSERT INTO ticket_flights VALUES ('0005432106361', '5084', 'Economy', '6000.00');
INSERT INTO ticket_flights VALUES ('0005433869064', '32695', 'Economy', '16800.00');
INSERT INTO ticket_flights VALUES ('0005433869065', '32695', 'Economy', '16800.00');
INSERT INTO ticket_flights VALUES ('0005432529127', '30588', 'Economy', '14000.00');
INSERT INTO ticket_flights VALUES ('0005432329492', '3113', 'Economy', '5400.00');
INSERT INTO ticket_flights VALUES ('0005432329491', '3113', 'Economy', '5400.00');
INSERT INTO ticket_flights VALUES ('0005433986733', '25923', 'Economy', '12100.00');
INSERT INTO ticket_flights VALUES ('0005433986734', '25923', 'Economy', '12100.00');
INSERT INTO ticket_flights VALUES ('0005432106386', '4996', 'Economy', '6000.00');
INSERT INTO ticket_flights VALUES ('0005433986395', '25673', 'Economy', '7200.00');
INSERT INTO ticket_flights VALUES ('0005433634101', '25232', 'Economy', '44300.00');
INSERT INTO ticket_flights VALUES ('0005433435011', '2363', 'Economy', '61500.00');
INSERT INTO ticket_flights VALUES ('0005432460831', '8277', 'Economy', '6300.00');
INSERT INTO ticket_flights VALUES ('0005432460830', '8277', 'Economy', '6900.00');
INSERT INTO ticket_flights VALUES ('0005433634101', '8290', 'Economy', '6300.00');
INSERT INTO ticket_flights VALUES ('0005433986395', '24255', 'Economy', '12100.00');
INSERT INTO ticket_flights VALUES ('0005435070028', '3562', 'Economy', '9000.00');
INSERT INTO ticket_flights VALUES ('0005435070029', '3562', 'Economy', '9000.00');
INSERT INTO ticket_flights VALUES ('0005432329491', '31278', 'Economy', '6300.00');
INSERT INTO ticket_flights VALUES ('0005432329492', '31278', 'Economy', '6300.00');
INSERT INTO ticket_flights VALUES ('0005435653907', '1692', 'Business', '50000.00');
INSERT INTO ticket_flights VALUES ('0005435070029', '15465', 'Economy', '3800.00');
INSERT INTO ticket_flights VALUES ('0005435070028', '15465', 'Economy', '3800.00');
INSERT INTO ticket_flights VALUES ('0005435377920', '12987', 'Economy', '10800.00');
INSERT INTO ticket_flights VALUES ('0005433435011', '26516', 'Economy', '6200.00');
INSERT INTO ticket_flights VALUES ('0005432460831', '4708', 'Economy', '13600.00');
INSERT INTO ticket_flights VALUES ('0005432460830', '4708', 'Economy', '13600.00');
INSERT INTO ticket_flights VALUES ('0005433009535', '14202', 'Economy', '17400.00');
INSERT INTO ticket_flights VALUES ('0005435653907', '21733', 'Economy', '3300.00');
INSERT INTO ticket_flights VALUES ('0005432383559', '21111', 'Business', '18900.00');
INSERT INTO ticket_flights VALUES ('0005433009535', '22568', 'Business', '48700.00');
INSERT INTO ticket_flights VALUES ('0005433925347', '2110', 'Economy', '11600.00');
INSERT INTO ticket_flights VALUES ('0005432383559', '31327', 'Economy', '3300.00');
INSERT INTO ticket_flights VALUES ('0005433869064', '32587', 'Economy', '17600.00');
INSERT INTO ticket_flights VALUES ('0005433869065', '32587', 'Economy', '17600.00');
INSERT INTO ticket_flights VALUES ('0005433869065', '14484', 'Economy', '18500.00');
INSERT INTO ticket_flights VALUES ('0005433869064', '14484', 'Economy', '16800.00');
INSERT INTO ticket_flights VALUES ('0005432383559', '30108', 'Economy', '3300.00');
INSERT INTO ticket_flights VALUES ('0005435177476', '6401', 'Economy', '12200.00');
INSERT INTO ticket_flights VALUES ('0005433785757', '9331', 'Economy', '62100.00');
INSERT INTO ticket_flights VALUES ('0005434480541', '16562', 'Economy', '23100.00');
INSERT INTO ticket_flights VALUES ('0005434480542', '16562', 'Economy', '23100.00');
INSERT INTO ticket_flights VALUES ('0005435286696', '5186', 'Economy', '6000.00');
INSERT INTO ticket_flights VALUES ('0005433785757', '5187', 'Economy', '6000.00');
INSERT INTO ticket_flights VALUES ('0005434139997', '7301', 'Economy', '8500.00');
INSERT INTO ticket_flights VALUES ('0005434139998', '7301', 'Economy', '7700.00');
INSERT INTO ticket_flights VALUES ('0005435653688', '24838', 'Economy', '3300.00');
INSERT INTO ticket_flights VALUES ('0005434139998', '28716', 'Economy', '3200.00');
INSERT INTO ticket_flights VALUES ('0005434139997', '28716', 'Economy', '3500.00');
INSERT INTO ticket_flights VALUES ('0005435653688', '21722', 'Economy', '16700.00');
INSERT INTO ticket_flights VALUES ('0005432531067', '7742', 'Business', '42100.00');
INSERT INTO ticket_flights VALUES ('0005435214478', '7742', 'Economy', '14000.00');
INSERT INTO ticket_flights VALUES ('0005432531066', '7742', 'Economy', '15400.00');
INSERT INTO ticket_flights VALUES ('0005433806172', '3298', 'Economy', '6300.00');
INSERT INTO ticket_flights VALUES ('0005433806172', '9367', 'Economy', '62100.00');
INSERT INTO ticket_flights VALUES ('0005433986734', '25694', 'Economy', '7200.00');
INSERT INTO ticket_flights VALUES ('0005433986733', '25694', 'Economy', '7200.00');
INSERT INTO ticket_flights VALUES ('0005432329492', '31110', 'Economy', '5400.00');
INSERT INTO ticket_flights VALUES ('0005432329491', '31110', 'Economy', '5400.00');
INSERT INTO ticket_flights VALUES ('0005433986734', '24281', 'Business', '36400.00');
INSERT INTO ticket_flights VALUES ('0005433986733', '24281', 'Economy', '12100.00');
INSERT INTO ticket_flights VALUES ('0005432329492', '21053', 'Business', '18900.00');
INSERT INTO ticket_flights VALUES ('0005432329491', '21053', 'Economy', '6300.00');
INSERT INTO ticket_flights VALUES ('0005434655397', '5404', 'Economy', '24600.00');
INSERT INTO ticket_flights VALUES ('0005435767739', '5508', 'Economy', '11800.00');
INSERT INTO ticket_flights VALUES ('0005433722400', '30419', 'Economy', '3700.00');
INSERT INTO ticket_flights VALUES ('0005434069385', '7754', 'Economy', '14000.00');
INSERT INTO ticket_flights VALUES ('0005433722400', '4626', 'Economy', '3300.00');
INSERT INTO ticket_flights VALUES ('0005432529998', '30575', 'Economy', '14000.00');
INSERT INTO ticket_flights VALUES ('0005435254536', '19296', 'Economy', '11700.00');
INSERT INTO ticket_flights VALUES ('0005435127440', '3471', 'Economy', '11700.00');
INSERT INTO ticket_flights VALUES ('0005435127439', '3471', 'Economy', '11700.00');
INSERT INTO ticket_flights VALUES ('0005433722400', '7472', 'Economy', '10700.00');
INSERT INTO ticket_flights VALUES ('0005435545944', '1039', 'Economy', '10200.00');
INSERT INTO ticket_flights VALUES ('0005435545945', '1039', 'Economy', '10200.00');
INSERT INTO ticket_flights VALUES ('0005432293273', '1039', 'Economy', '10200.00');
INSERT INTO ticket_flights VALUES ('0005434069385', '30682', 'Economy', '13400.00');
INSERT INTO ticket_flights VALUES ('0005435767874', '5522', 'Economy', '11800.00');
INSERT INTO ticket_flights VALUES ('0005432460830', '30539', 'Economy', '13600.00');
INSERT INTO ticket_flights VALUES ('0005432460831', '30539', 'Economy', '13600.00');
INSERT INTO ticket_flights VALUES ('0005432293273', '17082', 'Economy', '7900.00');
INSERT INTO ticket_flights VALUES ('0005435545944', '17082', 'Economy', '7900.00');
INSERT INTO ticket_flights VALUES ('0005435545945', '17082', 'Economy', '7900.00');
INSERT INTO ticket_flights VALUES ('0005435127439', '14753', 'Economy', '3200.00');
INSERT INTO ticket_flights VALUES ('0005435127440', '14753', 'Economy', '3200.00');
INSERT INTO ticket_flights VALUES ('0005434444153', '6335', 'Economy', '4000.00');
INSERT INTO ticket_flights VALUES ('0005434444152', '6335', 'Economy', '4000.00');
INSERT INTO ticket_flights VALUES ('0005433925347', '24097', 'Business', '34700.00');
INSERT INTO ticket_flights VALUES ('0005432460831', '3313', 'Economy', '6300.00');
INSERT INTO ticket_flights VALUES ('0005432460830', '3313', 'Economy', '6300.00');
INSERT INTO ticket_flights VALUES ('0005435375058', '9898', 'Economy', '28000.00');
INSERT INTO ticket_flights VALUES ('0005435127439', '11516', 'Economy', '8800.00');
INSERT INTO ticket_flights VALUES ('0005435127440', '11516', 'Economy', '8800.00');
INSERT INTO ticket_flights VALUES ('0005435377920', '5475', 'Economy', '9800.00');
INSERT INTO ticket_flights VALUES ('0005434444152', '20606', 'Economy', '14100.00');
INSERT INTO ticket_flights VALUES ('0005434444153', '20606', 'Economy', '14100.00');
INSERT INTO ticket_flights VALUES ('0005435541622', '1744', 'Economy', '19100.00');
INSERT INTO ticket_flights VALUES ('0005435070028', '13136', 'Economy', '3800.00');
INSERT INTO ticket_flights VALUES ('0005435070029', '13136', 'Economy', '3800.00');
INSERT INTO ticket_flights VALUES ('0005435070029', '15324', 'Economy', '9000.00');
INSERT INTO ticket_flights VALUES ('0005435070028', '15324', 'Economy', '9000.00');
INSERT INTO ticket_flights VALUES ('0005435653907', '24845', 'Economy', '3300.00');
INSERT INTO ticket_flights VALUES ('0005435653907', '21716', 'Economy', '16700.00');
INSERT INTO ticket_flights VALUES ('0005435127439', '31887', 'Business', '26400.00');
INSERT INTO ticket_flights VALUES ('0005435127440', '31887', 'Economy', '8800.00');
INSERT INTO ticket_flights VALUES ('0005433785757', '26266', 'Economy', '62100.00');
INSERT INTO ticket_flights VALUES ('0005433785757', '8612', 'Economy', '6000.00');
INSERT INTO ticket_flights VALUES ('0005434655397', '12505', 'Economy', '22400.00');
INSERT INTO ticket_flights VALUES ('0005435767739', '13490', 'Economy', '11800.00');
INSERT INTO ticket_flights VALUES ('0005433009535', '1835', 'Economy', '16200.00');
INSERT INTO ticket_flights VALUES ('0005435541622', '22257', 'Business', '20200.00');
INSERT INTO ticket_flights VALUES ('0005434069385', '30613', 'Economy', '14000.00');
INSERT INTO ticket_flights VALUES ('0005434139998', '11924', 'Economy', '3200.00');
INSERT INTO ticket_flights VALUES ('0005434139997', '11924', 'Economy', '3200.00');
INSERT INTO ticket_flights VALUES ('0005433806172', '8227', 'Economy', '6300.00');
INSERT INTO ticket_flights VALUES ('0005435254536', '6141', 'Economy', '11700.00');
INSERT INTO ticket_flights VALUES ('0005433806172', '26264', 'Economy', '62100.00');
INSERT INTO ticket_flights VALUES ('0005435127440', '14560', 'Economy', '11700.00');
INSERT INTO ticket_flights VALUES ('0005435127439', '14560', 'Economy', '11700.00');
INSERT INTO ticket_flights VALUES ('0005434069385', '12819', 'Economy', '13400.00');
INSERT INTO ticket_flights VALUES ('0005435127439', '10943', 'Economy', '3200.00');
INSERT INTO ticket_flights VALUES ('0005435127440', '10943', 'Economy', '3200.00');
INSERT INTO ticket_flights VALUES ('0005433009535', '22859', 'Economy', '17400.00');
INSERT INTO ticket_flights VALUES ('0005432531066', '30635', 'Comfort', '23900.00');
INSERT INTO ticket_flights VALUES ('0005432531067', '30635', 'Economy', '14000.00');
INSERT INTO ticket_flights VALUES ('0005434139998', '28562', 'Economy', '8500.00');
INSERT INTO ticket_flights VALUES ('0005434139997', '28562', 'Economy', '7700.00');
INSERT INTO ticket_flights VALUES ('0005435767874', '13462', 'Economy', '11800.00');
INSERT INTO ticket_flights VALUES ('0005433722400', '7678', 'Economy', '3700.00');
INSERT INTO ticket_flights VALUES ('0005433722400', '29241', 'Economy', '10700.00');
INSERT INTO ticket_flights VALUES ('0005433722400', '30140', 'Economy', '3300.00');
INSERT INTO ticket_flights VALUES ('0005435375058', '5287', 'Economy', '28000.00');
INSERT INTO ticket_flights VALUES ('0005435545944', '11238', 'Economy', '19100.00');
INSERT INTO ticket_flights VALUES ('0005435545945', '11238', 'Economy', '19100.00');
INSERT INTO ticket_flights VALUES ('0005435545944', '20881', 'Economy', '28700.00');
INSERT INTO ticket_flights VALUES ('0005435545945', '20881', 'Economy', '28700.00');
INSERT INTO ticket_flights VALUES ('0005435541622', '11368', 'Economy', '6700.00');
INSERT INTO ticket_flights VALUES ('0005434444152', '20355', 'Economy', '4000.00');
INSERT INTO ticket_flights VALUES ('0005434444153', '20355', 'Economy', '4000.00');
INSERT INTO ticket_flights VALUES ('0005435541622', '22015', 'Economy', '21000.00');
INSERT INTO ticket_flights VALUES ('0005434444152', '17382', 'Economy', '14100.00');
INSERT INTO ticket_flights VALUES ('0005434444153', '17382', 'Economy', '14100.00');
INSERT INTO ticket_flights VALUES ('0005432531067', '326966', 'Economy', '14000.00');
INSERT INTO ticket_flights VALUES ('0005434139998', '326966', 'Economy', '8500.00');
INSERT INTO ticket_flights VALUES ('0005434139997', '326966', 'Economy', '7700.00');
INSERT INTO ticket_flights VALUES ('0005435767874', '326966', 'Economy', '11800.00');
INSERT INTO ticket_flights VALUES ('0005433722400', '326966', 'Economy', '3700.00');
INSERT INTO ticket_flights VALUES ('0005435375058', '326966', 'Economy', '28000.00');
INSERT INTO ticket_flights VALUES ('0005435545944', '326966', 'Economy', '19100.00');
INSERT INTO ticket_flights VALUES ('0005435545945', '326966', 'Economy', '19100.00');
INSERT INTO ticket_flights VALUES ('0005435541622', '326966', 'Economy', '6700.00');
INSERT INTO ticket_flights VALUES ('0005434444152', '326966', 'Economy', '4000.00');
INSERT INTO ticket_flights VALUES ('0005434444153', '326966', 'Economy', '4000.00');
INSERT INTO ticket_flights VALUES ('0005432531067', '326964', 'Economy', '14000.00');
INSERT INTO ticket_flights VALUES ('0005434139998', '326964', 'Economy', '8500.00');
INSERT INTO ticket_flights VALUES ('0005434139997', '326964', 'Economy', '7700.00');
INSERT INTO ticket_flights VALUES ('0005435767874', '326964', 'Economy', '11800.00');
INSERT INTO ticket_flights VALUES ('0005433722400', '326964', 'Economy', '3700.00');
INSERT INTO ticket_flights VALUES ('0005435375058', '326964', 'Economy', '28000.00');
INSERT INTO ticket_flights VALUES ('0005435545944', '326964', 'Economy', '19100.00');
INSERT INTO ticket_flights VALUES ('0005435545945', '326964', 'Economy', '19100.00');
INSERT INTO ticket_flights VALUES ('0005435541622', '326964', 'Economy', '6700.00');
INSERT INTO ticket_flights VALUES ('0005434444152', '326964', 'Economy', '4000.00');
INSERT INTO ticket_flights VALUES ('0005434444153', '326964', 'Economy', '54000.00');
INSERT INTO ticket_flights VALUES ('0005432531067', '326965', 'Economy', '14000.00');
INSERT INTO ticket_flights VALUES ('0005434139998', '326965', 'Economy', '8500.00');
INSERT INTO ticket_flights VALUES ('0005434139997', '326965', 'Economy', '7700.00');
INSERT INTO ticket_flights VALUES ('0005435767874', '326965', 'Economy', '11800.00');
INSERT INTO ticket_flights VALUES ('0005433722400', '326965', 'Economy', '13700.00');
INSERT INTO ticket_flights VALUES ('0005435375058', '326965', 'Economy', '28000.00');
INSERT INTO ticket_flights VALUES ('0005435545944', '326965', 'Economy', '19100.00');
INSERT INTO ticket_flights VALUES ('0005435545945', '326965', 'Economy', '19100.00');
INSERT INTO ticket_flights VALUES ('0005435541622', '326965', 'Economy', '46700.00');
INSERT INTO ticket_flights VALUES ('0005434444152', '326965', 'Economy', '44000.00');
INSERT INTO ticket_flights VALUES ('0005434444153', '326965', 'Economy', '14000.00');
INSERT INTO boarding_passes VALUES ('0005435372110', '9891', '6', '11D');
INSERT INTO boarding_passes VALUES ('0005435838975', '5995', '15', '10E');
INSERT INTO boarding_passes VALUES ('0005435423700', '10928', '89', '35E');
INSERT INTO boarding_passes VALUES ('0005433101280', '7947', '133', '30C');
INSERT INTO boarding_passes VALUES ('0005433867776', '4766', '14', '4D');
INSERT INTO boarding_passes VALUES ('0005435706114', '2450', '6', '4C');
INSERT INTO boarding_passes VALUES ('0005435706115', '2450', '41', '16C');
INSERT INTO boarding_passes VALUES ('0005433867776', '32675', '36', '21D');
INSERT INTO boarding_passes VALUES ('0005432328074', '3129', '50', '20F');
INSERT INTO boarding_passes VALUES ('0005432359741', '6365', '31', '10B');
INSERT INTO boarding_passes VALUES ('0005435790266', '6991', '2', '2A');
INSERT INTO boarding_passes VALUES ('0005435790267', '6991', '8', '21D');
INSERT INTO boarding_passes VALUES ('0005432328074', '31265', '18', '5A');
INSERT INTO boarding_passes VALUES ('0005434022884', '443', '49', '20B');
INSERT INTO boarding_passes VALUES ('0005434022883', '443', '64', '25E');
INSERT INTO boarding_passes VALUES ('0005432706449', '2957', '12', '8D');
INSERT INTO boarding_passes VALUES ('0005432706450', '2957', '19', '12A');
INSERT INTO boarding_passes VALUES ('0005435808109', '1942', '9', '7D');
INSERT INTO boarding_passes VALUES ('0005434550606', '266', '106', '26F');
INSERT INTO boarding_passes VALUES ('0005434550605', '266', '222', '46C');
INSERT INTO boarding_passes VALUES ('0005432663023', '6492', '19', '11D');
INSERT INTO boarding_passes VALUES ('0005435372110', '5297', '38', '17D');
INSERT INTO boarding_passes VALUES ('0005435808109', '23178', '26', '20D');
INSERT INTO boarding_passes VALUES ('0005432034629', '8455', '13', '7F');
INSERT INTO boarding_passes VALUES ('0005432034627', '8455', '37', '14F');
INSERT INTO boarding_passes VALUES ('0005432034628', '8455', '39', '16A');
INSERT INTO boarding_passes VALUES ('0005433192919', '18545', '6', '3C');
INSERT INTO boarding_passes VALUES ('0005433192917', '18545', '14', '9A');
INSERT INTO boarding_passes VALUES ('0005433192918', '18545', '32', '17D');
INSERT INTO boarding_passes VALUES ('0005434550606', '10560', '5', '2D');
INSERT INTO boarding_passes VALUES ('0005434550605', '10560', '36', '9D');
INSERT INTO boarding_passes VALUES ('0005433342103', '11096', '4', '1F');
INSERT INTO boarding_passes VALUES ('0005433342102', '11096', '75', '16C');
INSERT INTO boarding_passes VALUES ('0005432660797', '6019', '17', '9A');
INSERT INTO boarding_passes VALUES ('0005434407173', '26987', '2', '1D');
INSERT INTO boarding_passes VALUES ('0005434407174', '26987', '28', '8C');
INSERT INTO boarding_passes VALUES ('0005433151107', '20111', '69', '23E');
INSERT INTO boarding_passes VALUES ('0005435423700', '5359', '127', '29A');
INSERT INTO boarding_passes VALUES ('0005432660797', '18144', '3', '3B');
INSERT INTO boarding_passes VALUES ('0005433101280', '130', '6', '7D');
INSERT INTO boarding_passes VALUES ('0005433342103', '17038', '33', '14B');
INSERT INTO boarding_passes VALUES ('0005433342102', '17038', '118', '39E');
INSERT INTO boarding_passes VALUES ('0005434407173', '7064', '63', '14B');
INSERT INTO boarding_passes VALUES ('0005434407174', '7064', '101', '22B');
INSERT INTO boarding_passes VALUES ('0005435838975', '18058', '6', '5C');
INSERT INTO boarding_passes VALUES ('0005432660797', '26316', '21', '16E');
INSERT INTO boarding_passes VALUES ('0005434550606', '27765', '11', '5A');
INSERT INTO boarding_passes VALUES ('0005434550605', '27765', '36', '15C');
INSERT INTO boarding_passes VALUES ('0005433867776', '32591', '10', '5C');
INSERT INTO boarding_passes VALUES ('0005433867776', '14523', '9', '5B');
INSERT INTO boarding_passes VALUES ('0005432663023', '21841', '40', '19C');
INSERT INTO boarding_passes VALUES ('0005434023206', '435', '2', '1B');
INSERT INTO boarding_passes VALUES ('0005434023207', '435', '135', '38G');
INSERT INTO boarding_passes VALUES ('0005434022883', '12649', '41', '16A');
INSERT INTO boarding_passes VALUES ('0005434022884', '12649', '79', '29E');
INSERT INTO boarding_passes VALUES ('0005434550606', '9825', '33', '12A');
INSERT INTO boarding_passes VALUES ('0005434550605', '9825', '92', '21D');
INSERT INTO boarding_passes VALUES ('0005434067064', '7766', '3', '1A');
INSERT INTO boarding_passes VALUES ('0005434067063', '7766', '159', '30C');
INSERT INTO boarding_passes VALUES ('0005435790266', '26014', '2', '2C');
INSERT INTO boarding_passes VALUES ('0005435790267', '26014', '6', '7A');
INSERT INTO boarding_passes VALUES ('0005432663023', '26326', '66', '18D');
INSERT INTO boarding_passes VALUES ('0005435706114', '27026', '8', '3F');
INSERT INTO boarding_passes VALUES ('0005435706115', '27026', '29', '12A');
INSERT INTO boarding_passes VALUES ('0005432359741', '20995', '67', '14C');
INSERT INTO boarding_passes VALUES ('0005434448294', '9616', '57', '17E');
INSERT INTO boarding_passes VALUES ('0005434448293', '9616', '58', '18C');
INSERT INTO boarding_passes VALUES ('0005434067064', '30695', '53', '12A');
INSERT INTO boarding_passes VALUES ('0005434067063', '30695', '103', '21B');
INSERT INTO boarding_passes VALUES ('0005432328074', '31128', '21', '8E');
INSERT INTO boarding_passes VALUES ('0005432527326', '7737', '159', '28C');
INSERT INTO boarding_passes VALUES ('0005435424469', '10924', '122', '25J');
INSERT INTO boarding_passes VALUES ('0005435424470', '10924', '311', '49F');
INSERT INTO boarding_passes VALUES ('0005434448294', '29117', '14', '5A');
INSERT INTO boarding_passes VALUES ('0005434448293', '29117', '20', '7A');
INSERT INTO boarding_passes VALUES ('0005433202287', '12609', '15', '5B');
INSERT INTO boarding_passes VALUES ('0005432328074', '21068', '80', '19F');
INSERT INTO boarding_passes VALUES ('0005432081476', '5575', '61', '14E');
INSERT INTO boarding_passes VALUES ('0005432081477', '5575', '84', '19B');
INSERT INTO boarding_passes VALUES ('0005433202287', '23252', '43', '22D');
INSERT INTO boarding_passes VALUES ('0005432706449', '30018', '24', '6C');
INSERT INTO boarding_passes VALUES ('0005432706450', '30018', '48', '11A');
INSERT INTO boarding_passes VALUES ('0005433846486', '5552', '19', '6A');
INSERT INTO boarding_passes VALUES ('0005433036154', '24086', '31', '12E');
INSERT INTO boarding_passes VALUES ('0005433036155', '24086', '33', '12G');
INSERT INTO boarding_passes VALUES ('0005433036153', '24086', '87', '22D');
INSERT INTO boarding_passes VALUES ('0005435808109', '29483', '16', '5C');
INSERT INTO boarding_passes VALUES ('0005433342102', '1045', '8', '2F');
INSERT INTO boarding_passes VALUES ('0005433342103', '1045', '94', '27G');
INSERT INTO boarding_passes VALUES ('0005434993985', '4298', '54', '17E');
INSERT INTO boarding_passes VALUES ('0005433342102', '17122', '18', '5A');
INSERT INTO boarding_passes VALUES ('0005433342103', '17122', '34', '7F');
INSERT INTO boarding_passes VALUES ('0005432604244', '6441', '13', '4C');
INSERT INTO boarding_passes VALUES ('0005434407174', '20299', '13', '4C');
INSERT INTO boarding_passes VALUES ('0005434407173', '20299', '56', '14D');
INSERT INTO boarding_passes VALUES ('0005432604244', '21451', '7', '2C');
INSERT INTO boarding_passes VALUES ('0005435808109', '23114', '9', '3A');
INSERT INTO boarding_passes VALUES ('0005434407173', '26920', '15', '4E');
INSERT INTO boarding_passes VALUES ('0005434407174', '26920', '35', '8C');
INSERT INTO boarding_passes VALUES ('0005434067064', '30596', '197', '35B');
INSERT INTO boarding_passes VALUES ('0005434067063', '30596', '312', '50F');
INSERT INTO boarding_passes VALUES ('0005432660797', '17861', '3', '2C');
INSERT INTO boarding_passes VALUES ('0005433192919', '1375', '6', '2D');
INSERT INTO boarding_passes VALUES ('0005433192917', '1375', '31', '9C');
INSERT INTO boarding_passes VALUES ('0005433192918', '1375', '57', '16D');
INSERT INTO boarding_passes VALUES ('0005432891016', '12034', '30', '8C');
INSERT INTO boarding_passes VALUES ('0005432891015', '12034', '53', '13D');
INSERT INTO boarding_passes VALUES ('0005433763203', '9354', '33', '13G');
INSERT INTO boarding_passes VALUES ('0005434067063', '12824', '89', '20D');
INSERT INTO boarding_passes VALUES ('0005434067064', '12824', '95', '21E');
INSERT INTO boarding_passes VALUES ('0005432663023', '17853', '25', '10E');
INSERT INTO boarding_passes VALUES ('0005432660797', '26425', '1', '1A');
INSERT INTO boarding_passes VALUES ('0005433986060', '4157', '17', '8E');
INSERT INTO boarding_passes VALUES ('0005433986059', '4157', '40', '16C');
INSERT INTO boarding_passes VALUES ('0005433151107', '1498', '8', '3D');
INSERT INTO boarding_passes VALUES ('0005434023207', '12668', '5', '2A');
INSERT INTO boarding_passes VALUES ('0005434023206', '12668', '13', '3G');
INSERT INTO boarding_passes VALUES ('0005432133240', '5336', '64', '16G');
INSERT INTO boarding_passes VALUES ('0005432133238', '5336', '234', '37G');
INSERT INTO boarding_passes VALUES ('0005432133239', '5336', '273', '42J');
INSERT INTO boarding_passes VALUES ('0005434448293', '17730', '2', '1C');
INSERT INTO boarding_passes VALUES ('0005434448294', '17730', '17', '5D');
INSERT INTO boarding_passes VALUES ('0005432663023', '26270', '13', '4H');
INSERT INTO boarding_passes VALUES ('0005432663023', '8495', '21', '10E');
INSERT INTO boarding_passes VALUES ('0005432660797', '18054', '41', '16D');
INSERT INTO boarding_passes VALUES ('0005435424470', '5328', '253', '39G');
INSERT INTO boarding_passes VALUES ('0005435424469', '5328', '278', '42J');
INSERT INTO boarding_passes VALUES ('0005433986060', '25908', '2', '1G');
INSERT INTO boarding_passes VALUES ('0005433986059', '25908', '105', '37E');
INSERT INTO boarding_passes VALUES ('0005434448293', '28975', '32', '10D');
INSERT INTO boarding_passes VALUES ('0005434448294', '28975', '60', '16F');
INSERT INTO boarding_passes VALUES ('0005433368030', '24839', '51', '13D');
INSERT INTO boarding_passes VALUES ('0005433368031', '24839', '59', '15A');
INSERT INTO boarding_passes VALUES ('0005433368030', '21717', '31', '8A');
INSERT INTO boarding_passes VALUES ('0005433368031', '21717', '48', '12D');
INSERT INTO boarding_passes VALUES ('0005432528534', '7739', '27', '11H');
INSERT INTO boarding_passes VALUES ('0005432528533', '7739', '262', '42J');
INSERT INTO boarding_passes VALUES ('0005432747729', '391', '19', '8A');
INSERT INTO boarding_passes VALUES ('0005433202287', '1967', '12', '3D');
INSERT INTO boarding_passes VALUES ('0005433846486', '13840', '26', '7C');
INSERT INTO boarding_passes VALUES ('0005434993985', '27331', '2', '1C');
INSERT INTO boarding_passes VALUES ('0005432891015', '385', '6', '2C');
INSERT INTO boarding_passes VALUES ('0005432891016', '385', '66', '14E');
INSERT INTO boarding_passes VALUES ('0005433202287', '23384', '7', '2D');
INSERT INTO boarding_passes VALUES ('0005432527326', '30620', '46', '13G');
INSERT INTO boarding_passes VALUES ('0005435614475', '5332', '195', '34A');
INSERT INTO boarding_passes VALUES ('0005433036154', '2139', '51', '14E');
INSERT INTO boarding_passes VALUES ('0005433036155', '2139', '82', '20H');
INSERT INTO boarding_passes VALUES ('0005433036153', '2139', '165', '37F');
INSERT INTO boarding_passes VALUES ('0005435425341', '10896', '121', '24F');
INSERT INTO boarding_passes VALUES ('0005433634101', '3237', '101', '21A');
INSERT INTO boarding_passes VALUES ('0005434480541', '957', '14', '5C');
INSERT INTO boarding_passes VALUES ('0005434480542', '957', '27', '20A');
INSERT INTO boarding_passes VALUES ('0005435788796', '4177', '16', '7D');
INSERT INTO boarding_passes VALUES ('0005433986395', '4177', '49', '19D');
INSERT INTO boarding_passes VALUES ('0005433634101', '9269', '111', '24D');
INSERT INTO boarding_passes VALUES ('0005432529127', '7738', '308', '46E');
INSERT INTO boarding_passes VALUES ('0005432383559', '4557', '50', '14E');
INSERT INTO boarding_passes VALUES ('0005432383559', '30505', '13', '4E');
INSERT INTO boarding_passes VALUES ('0005433986060', '25670', '5', '3C');
INSERT INTO boarding_passes VALUES ('0005433986059', '25670', '13', '5E');
INSERT INTO boarding_passes VALUES ('0005432604244', '31663', '11', '3C');
INSERT INTO boarding_passes VALUES ('0005432747729', '12084', '20', '6C');
INSERT INTO boarding_passes VALUES ('0005433763203', '26252', '134', '37D');
INSERT INTO boarding_passes VALUES ('0005433986059', '24246', '17', '5G');
INSERT INTO boarding_passes VALUES ('0005433986060', '24246', '103', '35B');
INSERT INTO boarding_passes VALUES ('0005433986395', '25949', '50', '24A');
INSERT INTO boarding_passes VALUES ('0005432383559', '31239', '53', '12F');
INSERT INTO boarding_passes VALUES ('0005432604244', '21355', '33', '19A');
INSERT INTO boarding_passes VALUES ('0005433435011', '26194', '70', '17A');
INSERT INTO boarding_passes VALUES ('0005433435011', '26730', '16', '5A');
INSERT INTO boarding_passes VALUES ('0005432262420', '114', '103', '31C');
INSERT INTO boarding_passes VALUES ('0005432528533', '30624', '25', '11C');
INSERT INTO boarding_passes VALUES ('0005432528534', '30624', '68', '18D');
INSERT INTO boarding_passes VALUES ('0005435286696', '8555', '75', '17A');